timestamp_s,reading_value,raw_text,confidence,cleaned_value
0.0,,,0.0,1.0
1.0,,,0.0,1.0
2.0,,,0.0,1.0
3.0,,,0.0,1.0
4.0,,,0.0,1.0
5.0,,,0.0,1.0
6.0,,,0.0,1.0
7.0,,,0.0,1.0
8.0,,,0.0,1.0
9.0,,,0.0,1.0
10.0,,,0.0,1.0
11.0,,,0.0,1.0
12.0,,,0.0,1.0
13.0,,,0.0,1.0
14.0,,,0.0,1.0
15.0,,,0.0,1.0
16.0,,,0.0,1.0
17.0,,,0.0,1.0
18.0,,,0.0,1.0
19.0,,,0.0,1.0
20.0,,,0.0,1.0
21.0,,,0.0,1.0
22.0,1.0,1,0.156,1.0
23.0,4.116,4.116,0.296,1.0
24.0,0.726,0.726,0.439,1.0
25.0,1.0,1,0.231,1.0
26.0,2.62,2.62,0.273,2.62
27.0,5.0,5,0.198,5.0
28.0,6.26,6.26,0.272,5.046666666666667
29.0,,,0.0,5.046666666666667
30.0,,,0.0,3.8333333333333335
31.0,2.62,2.62,0.245,2.62
32.0,,,0.0,2.48
33.0,,,0.0,2.3400000000000003
34.0,2.2,2.2,0.345,2.3400000000000003
35.0,5.0,5,0.198,5.0
36.0,5.053,5.053,0.248,5.0
37.0,0.5,0.500,0.437,5.053
38.0,9.0,9,0.191,5.0
39.0,5.0,5.0,0.344,6.5
40.0,6.5,6.5,0.475,5.0
41.0,4.5,4.5,0.347,4.5
42.0,1.452,1.452,0.415,1.452
43.0,0.41,0.41,0.545,1.452
44.0,4.41,4.41,0.538,4.0
45.0,4.0,4,0.266,4.0
46.0,1.41,1.41,0.235,1.46
47.0,1.46,1.46,0.217,1.43
48.0,1.43,1.43,0.277,1.43
49.0,,,0.0,1.2149999999999999
50.0,1.0,1,0.167,1.0
51.0,,,0.0,1.0
52.0,1.0,1,0.213,1.0
53.0,,,0.0,1.1125
54.0,,,0.0,1.225
55.0,,,0.0,1.3375
56.0,1.45,1.45,0.36,1.45
57.0,,,0.0,2.5875
58.0,,,0.0,3.7249999999999996
59.0,,,0.0,4.8625
60.0,6.0,6,0.197,4.8625
61.0,,,0.0,4.333333333333333
62.0,,,0.0,2.6666666666666665
63.0,1.0,1,0.243,2.6666666666666665
64.0,,,0.0,4.7
65.0,8.4,8.4,0.193,8.4
66.0,9.44,9.44,0.495,8.6
67.0,8.6,8.6,0.484,8.6
68.0,8.28,8.28,0.432,8.28
69.0,8.0,8.0,0.377,8.0
70.0,7.9,7.9,0.182,7.9
71.0,7.041,7.041,0.532,7.041
72.0,78671.0,78671,0.247,3.9525
73.0,0.864,0.864,0.431,0.864
74.0,0.616,0.616,0.569,0.616
75.0,5593.0,05593,0.353,0.593
76.0,0.57,0.57,0.45,0.57
77.0,5566.0,05566,0.495,0.49
78.0,0.41,0.41,0.664,0.49
79.0,0.529,0.529,0.628,0.52
80.0,0.52,0.520,0.529,0.52
81.0,0.506,0.506,0.274,0.506
82.0,4948.0,04948,0.291,0.46799999999999997
83.0,0.43,0.43,0.366,0.45
84.0,0.45,0.45,0.473,0.45
85.0,4.643,4.643,0.235,1.0
86.0,1.0,1,0.801,4.4
87.0,4.4,4.4,0.383,4.4
88.0,5.2,5.20,0.32,4.4
89.0,4.4,4.4,0.176,4.4
90.0,1.158,1.158,0.374,1.44
91.0,1.44,1.44,0.398,1.158
92.0,0.46,0.460,0.339,1.0
93.0,1.0,1,0.229,0.822
94.0,0.822,0.822,0.454,1.0
95.0,1.6,1.6,0.268,0.822
96.0,0.716,0.716,0.453,0.716
97.0,0.67,0.67,0.504,0.688
98.0,0.688,0.688,0.488,0.67
99.0,0.617,0.617,0.271,0.617
100.0,0.0,0.0,0.543,0.617
101.0,5.0,5,0.188,5.0
102.0,8.6,8.6,0.296,5.0
103.0,1.0,1,0.365,2.0
104.0,2.0,2,0.193,1.686
105.0,1.686,1.686,0.338,1.686
106.0,1.0,1,0.266,1.18
107.0,1.18,1.18,0.351,1.07
108.0,1.07,1.07,0.376,1.18
109.0,1.64,1.64,0.678,1.64
110.0,4.0,4,0.779,2.2
111.0,2.2,2.2,0.623,2.2
112.0,1.18,1.18,0.394,2.2
113.0,4.44,4.44,0.707,2.1
114.0,2.1,2.1,0.459,4.1
115.0,4.1,4.1,0.359,2.965
116.0,10417.0,10417,0.48,2.965
117.0,1.83,1.83,0.344,2.5
118.0,2.5,2.50,0.602,1.83
119.0,1.0,1,0.696,1.571
120.0,1.571,1.571,0.691,1.358
121.0,1.358,1.358,0.439,1.358
122.0,1.212,1.212,0.663,1.212
123.0,1.099,1.099,0.701,1.099
124.0,1.007,1.007,0.69,1.007
125.0,0.929,0.929,0.811,0.929
126.0,0.863,0.863,0.695,0.863
127.0,0.805,0.805,0.659,0.805
128.0,0.756,0.756,0.607,0.805
129.0,1.742,1.742,0.592,1.742
130.0,2.86,2.86,0.459,2.86
131.0,5.0,5.0,0.311,4.19
132.0,4.19,4.19,0.448,4.19
133.0,2.62,2.62,0.725,2.62
134.0,2.03,2.03,0.542,2.03
135.0,1.62,1.62,0.549,1.62
136.0,1.0,1.0,0.464,1.26
137.0,1.26,1.26,0.479,1.1775
138.0,11495.0,11495,0.462,1.1775
139.0,1.095,1.095,0.308,1.095
140.0,0.6,0.6,0.509,0.89
141.0,0.89,0.89,0.577,0.8
142.0,0.8,0.8,0.759,0.89
143.0,5.7,5.7,0.285,5.4
144.0,5.4,5.4,0.398,5.4
145.0,,,0.0,3.835
146.0,2.27,2.270,0.418,2.27
147.0,1.648,1.648,0.515,1.648
148.0,1.572,1.572,0.477,1.648
149.0,1.8,1.8,0.51,1.572
150.0,1.2,1.2,0.47,1.2
151.0,,,0.0,1.1
152.0,10525.0,10525,0.372,1.0
153.0,9540.0,09540,0.398,0.9
154.0,0.8,0.8,0.438,0.81
155.0,0.81,0.81,0.479,0.8
156.0,0.14,0.14,0.395,0.715
157.0,0.715,0.715,0.251,0.7
158.0,0.7,0.700,0.475,0.715
159.0,0.726,0.726,0.486,0.726
160.0,29449.0,29449,0.254,1.233
161.0,1.74,1.74,0.253,1.3
162.0,1.3,1.3,0.238,1.74
163.0,2.1,2.1,0.319,1.663
164.0,1.663,1.663,0.556,1.86
165.0,1.86,1.86,0.268,1.663
166.0,0.4,0.4,0.236,1.86
167.0,4.49,4.49,0.273,4.49
168.0,5.959,5.959,0.266,4.49
169.0,2.65,2.65,0.566,2.65
170.0,2.15,2.15,0.445,2.15
171.0,16863.0,16863,0.421,1.8679999999999999
172.0,1.586,1.586,0.377,1.8679999999999999
173.0,4.4,4.4,0.484,3.2
174.0,26886.0,26886,0.404,3.2
175.0,2.0,2,0.616,3.2
176.0,4.6,4.6,0.411,3.52
177.0,3.52,3.52,0.375,3.52
178.0,2.52,2.52,0.283,2.52
179.0,2.154,2.154,0.26,2.52
180.0,7.06,7.06,0.367,5.2
181.0,5.2,5.2,0.348,5.2
182.0,4.1,4.1,0.549,5.2
183.0,8.0,8.00,0.385,4.1
184.0,1.0,1,0.851,2.4
185.0,2.4,2.4,0.298,2.4
186.0,6.0,6,0.683,5.43
187.0,5.43,5.43,0.334,5.43
188.0,5.29,5.29,0.458,5.29
189.0,2.7,2.7,0.305,2.7
190.0,2.4,2.4,0.442,2.4
191.0,1.5,1.5,0.18,1.724
192.0,1.724,1.724,0.303,1.523
193.0,1.523,1.523,0.405,1.724
194.0,4.12,4.12,0.328,2.51
195.0,2.51,2.51,0.377,4.12
196.0,4.17,4.17,0.363,4.17
197.0,4.3,4.3,0.275,4.21
198.0,4.21,4.21,0.419,4.3
199.0,6.1,6.1,0.429,4.21
200.0,1.7,1.70,0.305,4.44
201.0,4.44,4.44,0.483,4.44
202.0,4.45,4.45,0.494,4.45
203.0,4.64,4.64,0.349,4.64
204.0,7.41,7.41,0.452,4.64
205.0,4.2,4.2,0.411,4.2
206.0,2.8,2.8,0.417,2.8
207.0,2.6,2.6,0.286,2.8
208.0,2.8,2.8,0.218,2.6
209.0,2.42,2.42,0.368,2.8
210.0,2.8,2.8,0.261,2.5999999999999996
211.0,20194.0,20194,0.349,2.5999999999999996
212.0,2.4,2.40,0.463,2.5999999999999996
213.0,4.63,4.63,0.532,4.63
214.0,5.69,5.69,0.442,4.63
215.0,4.15,4.15,0.429,5.69
216.0,6.0,6,0.811,4.47
217.0,4.47,4.47,0.402,6.0
218.0,6.1,6.10,0.623,4.47
219.0,1.02,1.02,0.548,6.1
220.0,6.86,6.86,0.434,6.86
221.0,8.9,8.9,0.453,6.86
222.0,2.771,2.771,0.395,3.0
223.0,3.0,3,0.188,2.771
224.0,2.3,2.3,0.256,2.3
225.0,1.28,1.28,0.427,1.51
226.0,1.51,1.51,0.441,1.42
227.0,1.42,1.42,0.451,1.42
228.0,1.1,1.1,0.441,1.42
229.0,2.16,2.16,0.59,1.1
230.0,1.1,1.10,0.417,1.1
231.0,1.055,1.055,0.383,1.055
232.0,0.87,0.87,0.264,0.926
233.0,0.926,0.926,0.411,0.87
234.0,0.814,0.814,0.557,0.828
235.0,0.828,0.828,0.595,0.814
236.0,0.72,0.72,0.555,0.765
237.0,0.765,0.765,0.456,0.74
238.0,0.74,0.74,0.382,0.74
239.0,7295.0,07295,0.326,0.724
240.0,0.708,0.708,0.451,0.724
241.0,6.88,6.88,0.305,5.03
242.0,5.03,5.03,0.36,5.03
243.0,4.8,4.80,0.533,4.8
244.0,0.3,0.3,0.506,4.8
245.0,4.859,4.859,0.287,4.522
246.0,4.522,4.522,0.45,4.522
247.0,0.0,0,0.655,4.522
248.0,7.41,7.41,0.362,2.6
249.0,2.6,2.6,0.185,2.6
250.0,2.0,2,0.16,2.6
251.0,2.6,2.6,0.386,2.6
252.0,,,0.0,4.3
253.0,6.0,6,0.213,6.0
254.0,6.2,6.2,0.239,6.0
255.0,2.0,2,0.279,2.0
256.0,1.35,1.35,0.28,2.0
257.0,2.455,2.455,0.21,2.455
258.0,3.0,3,0.25,2.455
259.0,2.0,2,0.199,3.0
260.0,7.0,7,0.176,6.0
261.0,6.0,6,0.223,6.0
262.0,3.0,3,0.213,3.0
263.0,1.648,1.648,0.48,2.62
264.0,2.62,2.62,0.614,2.21
265.0,2.21,2.21,0.685,2.21
266.0,,,0.0,1.73
267.0,1.25,1.25,0.38,1.73
268.0,4.46,4.46,0.362,4.28
269.0,4.28,4.28,0.364,4.46
270.0,4.8,4.8,0.391,4.28
271.0,1.41,1.41,0.389,4.0
272.0,4.0,4,0.193,3.0
273.0,3.0,3,0.267,3.0
274.0,3.0,3,0.194,3.0
275.0,3.0,3,0.174,3.0
276.0,3.0,3,0.37,3.0
277.0,,,0.0,3.0
278.0,,,0.0,3.0
279.0,3.0,3,0.279,3.0
280.0,1.4,1.4,0.356,1.4
281.0,,,0.0,1.2666666666666666
282.0,,,0.0,1.1333333333333333
283.0,1.0,1,0.869,1.0
284.0,1.0,1,0.72,1.0
285.0,1.0,1,0.191,1.0
286.0,,,0.0,2.7233333333333336
287.0,,,0.0,4.446666666666667
288.0,6.17,6.17,0.463,6.17
289.0,,,0.0,6.32
290.0,,,0.0,6.47
291.0,6.62,6.62,0.604,6.47
292.0,,,0.0,3.81
293.0,1.0,1,0.216,2.61
294.0,2.61,2.61,0.482,2.28
295.0,2.28,2.28,0.321,2.61
296.0,,,0.0,4.6899999999999995
297.0,7.1,7.1,0.619,4.6899999999999995
298.0,4.1,4.1,0.714,4.3
299.0,4.3,4.3,0.533,4.1
300.0,4.1,4.1,0.388,4.1
301.0,2.1,2.1,0.691,4.1
302.0,4.4,4.4,0.246,2.1
303.0,1.073,1.073,0.256,2.0054285714285713
304.0,,,0.0,2.0054285714285713
305.0,,,0.0,2.9378571428571423
306.0,,,0.0,3.8702857142857137
307.0,,,0.0,4.802714285714285
308.0,,,0.0,5.735142857142856
309.0,,,0.0,5.735142857142856
310.0,7.6,7.6,0.165,5.735142857142856
311.0,2.0,2,0.657,2.05
312.0,,,0.0,2.05
313.0,2.1,2.1,0.335,2.1
314.0,2.6,2.6,0.315,2.6
315.0,,,0.0,4.800000000000001
316.0,7.0,7,0.393,4.800000000000001
317.0,2.0,2,0.863,2.2
318.0,2.2,2.2,0.65,2.2
319.0,9.4,9.4,0.283,2.2
320.0,2.0,2,0.373,2.5
321.0,,,0.0,2.5
322.0,3.0,3,0.223,3.0
323.0,6.0,6,0.411,6.0
324.0,,,0.0,6.0
325.0,6.0,6,0.314,6.0
326.0,6.5,6.5,0.309,6.326666666666666
327.0,,,0.0,6.326666666666666
328.0,,,0.0,6.153333333333333
329.0,,,0.0,5.98
330.0,,,0.0,5.806666666666667
331.0,,,0.0,5.633333333333333
332.0,5.46,5.46,0.404,5.46
333.0,4.5,4.5,0.389,4.5
334.0,3.36,3.36,0.293,4.1
335.0,4.1,4.1,0.297,3.9366666666666665
336.0,,,0.0,3.9366666666666665
337.0,,,0.0,3.773333333333333
338.0,3.61,3.61,0.425,3.773333333333333
339.0,6.414,6.414,0.472,4.23
340.0,4.23,4.23,0.473,4.23
341.0,2.414,2.414,0.574,2.414
342.0,2.4,2.4,0.452,2.414
343.0,4.0,4,0.197,4.0
344.0,6.0,6,0.477,6.0
345.0,6.6,6.60,0.705,6.0
346.0,5.05,5.05,0.321,6.6
347.0,7.1,7.1,0.233,5.05
348.0,2.7,2.700,0.485,4.43
349.0,,,0.0,4.43
350.0,6.16,6.16,0.456,4.43
351.0,2.0,2,0.682,4.0
352.0,4.0,4,0.21,2.1
353.0,2.1,2.1,0.361,2.1
354.0,2.0,2,0.518,2.1
355.0,2.7,2.7,0.306,2.7
356.0,,,0.0,4.2
357.0,5.7,5.7,0.329,4.2
358.0,4.0,4,0.326,5.7
359.0,6.9,6.9,0.274,4.0
360.0,2.62,2.62,0.455,2.62
361.0,2.48,2.48,0.321,2.62
362.0,5.0,5,0.172,3.56
363.0,3.56,3.56,0.507,4.28
364.0,,,0.0,4.28
365.0,5.0,5,0.343,4.28
366.0,2.4,2.4,0.282,4.0
367.0,4.0,4,0.402,4.0
368.0,8.0,8,0.196,4.0
369.0,0.0,0,0.265,3.0
370.0,3.0,3,0.426,3.0
371.0,,,0.0,4.7085
372.0,6.417,6.417,0.323,6.2
373.0,6.2,6.2,0.411,6.2
374.0,4.575,4.575,0.438,4.61
375.0,4.61,4.61,0.604,4.575
376.0,4.48,4.48,0.413,4.61
377.0,5.117,5.117,0.413,4.48
378.0,3.8,3.8,0.303,3.8
379.0,2.88,2.88,0.244,2.88
380.0,2.44,2.44,0.322,2.44
381.0,2.15,2.15,0.598,2.44
382.0,,,0.0,4.833500000000001
383.0,7.517,7.517,0.362,4.833500000000001
384.0,1.454,1.454,0.59,1.454
385.0,1.417,1.417,0.484,1.417
386.0,1.4,1.4,0.642,1.417
387.0,2.54,2.54,0.262,2.54
388.0,4.0,4,0.32,4.0
389.0,6.27,6.27,0.244,6.26
390.0,6.26,6.26,0.687,6.26
391.0,4.68,4.680,0.295,4.68
392.0,4.4,4.4,0.952,4.68
393.0,6.2,6.2,0.805,5.24
394.0,5.24,5.24,0.502,5.24
395.0,1.1,1.1,0.66,2.61
396.0,2.61,2.61,0.614,2.4
397.0,2.4,2.4,0.451,2.61
398.0,2.7,2.7,0.215,2.4
399.0,1.621,1.621,0.341,2.7
400.0,6.0,6,0.201,1.621
401.0,1.0,1,0.189,3.0
402.0,3.0,3,0.218,3.0
403.0,4.2,4.2,0.236,4.2
404.0,4.6,4.6,0.286,4.2
405.0,2.54,2.54,0.38,2.54
406.0,1.0,1,0.507,2.54
407.0,3.0,3,0.233,3.0
408.0,6.0,6,0.55,5.1
409.0,5.1,5.10,0.361,5.1
410.0,4.0,4,0.601,4.79
411.0,4.79,4.79,0.616,4.0
412.0,2.2,2.2,0.484,4.62
413.0,4.62,4.62,0.709,2.5
414.0,2.5,2.5,0.413,2.64
415.0,2.64,2.64,0.305,2.64
416.0,2.64,2.64,0.549,2.64
417.0,3.6,3.6,0.414,3.0
418.0,3.0,3,0.334,3.6
419.0,4.0,4,0.397,3.0
420.0,2.4,2.4,0.215,2.4
421.0,2.0,2,0.764,2.1
422.0,2.1,2.1,0.58,2.1
423.0,4.44,4.44,0.685,2.1
424.0,2.0,2,0.422,2.1
425.0,2.1,2.1,0.444,2.0
426.0,2.0,2,0.421,2.1
427.0,3.41,3.41,0.366,2.2
428.0,2.2,2.2,0.361,3.0
429.0,3.0,3,0.169,2.2
430.0,1.2,1.2,0.205,1.2
431.0,1.0,1,0.154,1.2
432.0,9.0,9,0.174,4.4
433.0,4.4,4.4,0.255,4.464705882352941
434.0,,,0.0,4.464705882352941
435.0,,,0.0,4.529411764705882
436.0,,,0.0,4.594117647058824
437.0,,,0.0,4.658823529411765
438.0,,,0.0,4.723529411764706
439.0,,,0.0,4.723529411764706
440.0,,,0.0,4.723529411764706
441.0,,,0.0,4.723529411764706
442.0,,,0.0,4.723529411764706
443.0,,,0.0,4.723529411764706
444.0,,,0.0,4.723529411764706
445.0,,,0.0,4.723529411764706
446.0,,,0.0,4.723529411764706
447.0,,,0.0,4.723529411764706
448.0,,,0.0,4.723529411764706
449.0,,,0.0,4.723529411764706
450.0,5.5,5.5,0.52,4.723529411764706
451.0,4.14,4.140,0.381,4.14
452.0,,,0.0,2.57
453.0,1.0,1,0.475,1.2383333333333333
454.0,,,0.0,1.2383333333333333
455.0,,,0.0,1.4766666666666668
456.0,1.715,1.715,0.354,1.715
457.0,9.6,9.6,0.481,5.505
458.0,45494.0,45494,0.342,5.505
459.0,1.41,1.41,0.404,4.4
460.0,4.4,4.4,0.346,4.4
461.0,4.46,4.46,0.674,4.46
462.0,8.0,8,0.195,5.666666666666666
463.0,,,0.0,5.666666666666666
464.0,,,0.0,3.333333333333333
465.0,1.0,1,0.156,1.0
466.0,,,0.0,0.5
467.0,0.0,0,0.164,0.25
468.0,,,0.0,0.25
469.0,,,0.0,0.5
470.0,,,0.0,0.75
471.0,1.0,1.0,0.246,1.0
472.0,,,0.0,2.5
473.0,4.0,4,0.221,3.3600000000000003
474.0,,,0.0,3.3600000000000003
475.0,2.72,2.72,0.547,3.3600000000000003
476.0,7.04,7.04,0.371,4.5
477.0,4.5,4.50,0.361,4.5
478.0,4.0,4,0.151,4.5
479.0,4.9,4.9,0.446,4.4
480.0,4.4,4.4,0.195,4.4
481.0,0.2,0.2,0.433,4.4
482.0,6.43,6.43,0.226,5.64
483.0,5.64,5.64,0.414,5.64
484.0,4.74,4.74,0.203,4.74
485.0,4.4,4.4,0.509,4.4
486.0,1.17,1.17,0.469,4.4
487.0,4.8,4.8,0.52,4.8
488.0,6.06,6.06,0.305,4.8
489.0,,,0.0,4.64
490.0,,,0.0,3.2199999999999998
491.0,1.8,1.80,0.244,2.42
492.0,,,0.0,2.42
493.0,,,0.0,3.04
494.0,,,0.0,3.66
495.0,,,0.0,4.28
496.0,,,0.0,4.9
497.0,,,0.0,4.9
498.0,,,0.0,4.9
499.0,,,0.0,4.9
500.0,,,0.0,4.9
501.0,8.0,8,0.158,7.0
502.0,,,0.0,7.0
503.0,6.0,6,0.18,6.0
504.0,1.0,1,0.166,4.0
505.0,4.0,4,0.485,3.5714285714285716
506.0,,,0.0,3.5714285714285716
507.0,,,0.0,3.142857142857143
508.0,,,0.0,2.7142857142857144
509.0,,,0.0,2.2857142857142856
510.0,,,0.0,1.8571428571428572
511.0,,,0.0,1.8571428571428572
512.0,1.0,1,0.257,1.5
513.0,,,0.0,1.5
514.0,,,0.0,2.0
515.0,,,0.0,2.5
516.0,,,0.0,3.0
517.0,,,0.0,3.5
518.0,4.0,4,0.201,4.0
519.0,,,0.0,5.0
520.0,6.0,6,0.642,5.5
521.0,,,0.0,5.5
522.0,,,0.0,5.0
523.0,,,0.0,4.5
524.0,4.0,4,0.536,4.12
525.0,4.12,4.12,0.609,4.0
526.0,1.0,1,0.338,1.35
527.0,,,0.0,1.35
528.0,1.7,1.70,0.373,1.7
529.0,4.44,4.44,0.402,4.44
530.0,,,0.0,4.96
531.0,,,0.0,5.48
532.0,6.0,6,0.243,5.48
533.0,,,0.0,4.466666666666667
534.0,,,0.0,2.9333333333333336
535.0,1.4,1.4,0.472,2.9333333333333336
536.0,9.46,9.46,0.333,7.4
537.0,7.4,7.4,0.31,7.4
538.0,6.0,6,0.218,6.0
539.0,1.55,1.55,0.306,1.55
540.0,1.44,1.44,0.478,1.44
541.0,,,0.0,1.3199999999999998
542.0,1.2,1.2,0.591,1.3199999999999998
543.0,,,0.0,2.1333333333333333
544.0,,,0.0,3.0666666666666664
545.0,4.0,4,0.219,4.0
546.0,6.4,6.4,0.28,4.71
547.0,4.71,4.71,0.519,4.71
548.0,1.1,1.1,0.736,2.05
549.0,,,0.0,2.05
550.0,3.0,3,0.244,2.46
551.0,2.46,2.46,0.402,2.46
552.0,2.2,2.2,0.262,2.46
553.0,,,0.0,3.1
554.0,4.0,4,0.926,4.0
555.0,4.1,4.1,0.479,4.0
556.0,1.61,1.61,0.389,4.1
557.0,4.5,4.5,0.288,1.61
558.0,1.37,1.37,0.265,4.5
559.0,4.617,4.617,0.489,3.43
560.0,3.43,3.43,0.277,4.617
561.0,6.14,6.14,0.64,4.18
562.0,4.18,4.18,0.721,4.18
563.0,,,0.0,3.3449999999999998
564.0,2.51,2.51,0.433,2.51
565.0,2.2,2.2,0.63,2.2
566.0,2.2,2.2,0.515,2.2
567.0,2.62,2.62,0.583,2.334
568.0,2.334,2.334,0.318,2.334
569.0,2.11,2.11,0.445,2.334
570.0,8.0,8,0.533,3.61
571.0,3.61,3.61,0.417,6.3
572.0,6.3,6.3,0.181,6.3
573.0,8.2,8.2,0.354,6.3
574.0,2.4,2.4,0.489,2.4
575.0,2.0,2,0.259,2.4
576.0,4.19,4.19,0.494,4.19
577.0,5.2,5.2,0.274,4.41
578.0,4.41,4.41,0.469,4.41
579.0,3.8,3.8,0.317,3.8
580.0,2.55,2.55,0.416,2.55
581.0,2.322,2.322,0.404,2.322
582.0,1.6,1.6,0.566,2.322
583.0,4.34,4.34,0.258,2.56
584.0,2.56,2.560,0.363,2.56
585.0,2.21,2.21,0.197,2.56
586.0,5.0,5.0,0.409,5.0
587.0,5.1,5.1,0.636,5.0
588.0,4.16,4.16,0.656,4.16
589.0,3.25,3.25,0.608,3.25
590.0,3.0,3,0.207,3.0
591.0,1.0,1,0.666,2.18
592.0,2.18,2.18,0.471,2.0
593.0,2.0,2.0,0.372,2.18
594.0,4.1,4.1,0.81,4.1
595.0,5.444,5.444,0.505,4.1
596.0,3.46,3.46,0.421,3.46
597.0,,,0.0,3.4299999999999997
598.0,3.4,3.4,0.509,3.4
599.0,2.33,2.33,0.249,2.4
600.0,2.4,2.4,0.605,2.4
601.0,9.9,9.9,0.199,8.974
602.0,8.974,8.974,0.397,8.974
603.0,,,0.0,8.442400000000001
604.0,,,0.0,7.9108
605.0,,,0.0,7.3792
606.0,,,0.0,6.8476
607.0,,,0.0,6.316000000000001
608.0,,,0.0,6.316000000000001
609.0,,,0.0,6.316000000000001
610.0,,,0.0,6.316000000000001
611.0,,,0.0,6.316000000000001
612.0,,,0.0,6.316000000000001
613.0,,,0.0,6.316000000000001
614.0,,,0.0,6.316000000000001
615.0,,,0.0,6.316000000000001
616.0,,,0.0,6.316000000000001
617.0,1.0,1,0.302,1.0
618.0,,,0.0,1.0
619.0,1.0,1,0.348,1.0
620.0,,,0.0,1.0
621.0,,,0.0,1.0
622.0,,,0.0,1.0
623.0,,,0.0,1.0
624.0,,,0.0,1.0
625.0,,,0.0,1.0
626.0,,,0.0,1.0
627.0,1.0,1,0.267,1.0
628.0,3.0,3,0.404,2.9
629.0,,,0.0,2.9
630.0,,,0.0,2.8
631.0,,,0.0,2.7
632.0,2.6,2.6,0.176,2.7
633.0,3.0,3,0.18,3.0
634.0,17501.0,17501,0.274,5.015000000000001
635.0,7.03,7.03,0.328,5.015000000000001
636.0,1.0,1,0.692,1.55
637.0,,,0.0,1.55
638.0,2.1,2.1,0.501,2.1
639.0,3.35,3.35,0.211,3.35
640.0,,,0.0,3.625
641.0,,,0.0,3.9
642.0,,,0.0,4.175
643.0,,,0.0,4.45
644.0,,,0.0,4.725
645.0,5.0,5,0.383,5.0
646.0,,,0.0,5.0
647.0,,,0.0,5.0
648.0,5.0,5,0.227,5.0
649.0,5.0,5,0.255,5.0
650.0,5.0,5,0.159,5.0
651.0,,,0.0,4.6
652.0,,,0.0,4.2
653.0,,,0.0,3.8
654.0,,,0.0,3.4
655.0,,,0.0,3.0
656.0,,,0.0,3.0
657.0,,,0.0,3.0
658.0,,,0.0,3.0
659.0,,,0.0,3.0
660.0,1.0,1,0.216,1.5125
661.0,,,0.0,1.5125
662.0,,,0.0,2.025
663.0,,,0.0,2.5374999999999996
664.0,,,0.0,3.05
665.0,,,0.0,3.5625
666.0,,,0.0,3.5625
667.0,,,0.0,3.5625
668.0,5.1,5.1,0.547,3.5625
669.0,2.55,2.55,0.241,2.55
670.0,2.51,2.51,0.4,2.51
671.0,2.25,2.25,0.341,2.51
672.0,2.75,2.75,0.23,2.25
673.0,1.1,1.1,0.696,2.75
674.0,7.4,7.4,0.484,4.11
675.0,4.11,4.11,0.371,4.11
676.0,1.744,1.744,0.449,4.11
677.0,5.0,5.0,0.418,1.744
678.0,1.712,1.712,0.406,5.0
679.0,5.4,5.4,0.331,1.712
680.0,1.1,1.1,0.542,1.3804444444444446
681.0,,,0.0,1.3804444444444446
682.0,,,0.0,1.660888888888889
683.0,,,0.0,1.9413333333333334
684.0,,,0.0,2.2217777777777776
685.0,,,0.0,2.502222222222222
686.0,,,0.0,2.502222222222222
687.0,,,0.0,2.502222222222222
688.0,,,0.0,2.502222222222222
689.0,3.624,3.624,0.507,3.624
690.0,4.0,4,0.206,3.624
691.0,2.4,2.4,0.377,2.4
692.0,2.1,2.1,0.452,2.1
693.0,,,0.0,1.6
694.0,1.1,1.1,0.596,1.6
695.0,4.4,4.4,0.664,3.521
696.0,3.521,3.521,0.441,3.521
697.0,3.47,3.470,0.359,3.521
698.0,7.11,7.11,0.433,6.6
699.0,6.6,6.6,0.331,6.6
700.0,,,0.0,4.885
701.0,3.17,3.17,0.449,3.52
702.0,3.52,3.52,0.284,3.17
703.0,2.771,2.771,0.271,2.771
704.0,2.414,2.414,0.585,2.414
705.0,2.2,2.2,0.295,2.2
706.0,1.714,1.714,0.375,1.732
707.0,15664.0,15664,0.288,1.732
708.0,1.75,1.75,0.337,1.75
709.0,,,0.0,3.875
710.0,6.0,6,0.206,6.0
711.0,6.175,6.175,0.343,6.175
712.0,7.7,7.7,0.313,6.175
713.0,3.12,3.12,0.345,6.0
714.0,6.0,6.0,0.636,3.12
715.0,1.0,1,0.559,5.0
716.0,5.0,5,0.18,3.02
717.0,3.02,3.02,0.219,5.0
718.0,6.6,6.6,0.745,3.02
719.0,2.1,2.1,0.494,2.1
720.0,1.6,1.6,0.334,1.6
721.0,,,0.0,1.3
722.0,1.0,1,0.17,1.3
723.0,3.0,3,0.208,3.0
724.0,3.0,3,0.331,3.0
725.0,2.0,2,0.619,2.0
726.0,,,0.0,1.9523809523809523
727.0,,,0.0,1.9047619047619047
728.0,,,0.0,1.8571428571428572
729.0,,,0.0,1.8095238095238095
730.0,,,0.0,1.7619047619047619
731.0,,,0.0,1.7619047619047619
732.0,,,0.0,1.7619047619047619
733.0,,,0.0,1.7619047619047619
734.0,,,0.0,1.7619047619047619
735.0,,,0.0,1.7619047619047619
736.0,,,0.0,1.7619047619047619
737.0,,,0.0,1.7619047619047619
738.0,,,0.0,1.7619047619047619
739.0,,,0.0,1.7619047619047619
740.0,,,0.0,1.7619047619047619
741.0,,,0.0,1.7619047619047619
742.0,,,0.0,1.7619047619047619
743.0,,,0.0,1.7619047619047619
744.0,,,0.0,1.7619047619047619
745.0,,,0.0,1.7619047619047619
746.0,1.0,1,0.237,1.0
747.0,1.0,1,0.72,1.0
748.0,1.0,1,0.471,1.0
749.0,1.22,1.22,0.492,1.22
750.0,6.0,6,0.832,1.22
751.0,1.15,1.15,0.213,3.075
752.0,,,0.0,3.075
753.0,5.0,5,0.39,5.0
754.0,5.0,5,0.299,5.0
755.0,2.0,2,0.627,2.5
756.0,2.5,2.5,0.418,2.2
757.0,2.2,2.2,0.673,2.5
758.0,3.6,3.6,0.27,2.2
759.0,1.0,1,0.379,3.6
760.0,6.0,6,0.58,4.0
761.0,,,0.0,4.0
762.0,2.0,2,0.369,2.1333333333333333
763.0,,,0.0,2.1333333333333333
764.0,,,0.0,2.2666666666666666
765.0,,,0.0,2.4
766.0,,,0.0,2.533333333333333
767.0,,,0.0,2.6666666666666665
768.0,,,0.0,2.6666666666666665
769.0,,,0.0,2.6666666666666665
770.0,,,0.0,2.6666666666666665
771.0,,,0.0,2.6666666666666665
772.0,,,0.0,2.6666666666666665
773.0,,,0.0,2.6666666666666665
774.0,,,0.0,2.6666666666666665
775.0,,,0.0,2.6666666666666665
776.0,,,0.0,2.6666666666666665
777.0,4.0,4,0.546,3.29
778.0,,,0.0,3.29
779.0,,,0.0,2.58
780.0,,,0.0,1.87
781.0,1.16,1.16,0.315,1.87
782.0,2.22,2.22,0.409,2.22
783.0,6.0,6,0.61,5.6
784.0,5.6,5.6,0.405,6.0
785.0,6.62,6.62,0.349,6.2
786.0,6.2,6.2,0.555,6.2
787.0,2.75,2.75,0.314,2.75
788.0,2.0,2,0.602,2.75
789.0,6.3,6.3,0.641,3.5
790.0,3.5,3.5,0.262,3.5
791.0,2.65,2.65,0.497,2.65
792.0,1.0,1,0.291,2.65
793.0,6.2,6.2,0.262,6.0
794.0,6.0,6,0.277,6.0
795.0,,,0.0,5.888888888888889
796.0,,,0.0,5.777777777777778
797.0,,,0.0,5.666666666666667
798.0,,,0.0,5.555555555555555
799.0,,,0.0,5.444444444444445
800.0,,,0.0,5.444444444444445
801.0,,,0.0,5.444444444444445
802.0,,,0.0,5.444444444444445
803.0,5.0,5,0.225,5.444444444444445
804.0,6.6,6.6,0.536,5.0
805.0,2.1,2.1,0.484,6.0
806.0,6.0,6,0.332,6.0
807.0,,,0.0,6.0
808.0,,,0.0,6.0
809.0,,,0.0,6.0
810.0,,,0.0,6.0
811.0,,,0.0,6.0
812.0,6.0,6,0.611,6.0
813.0,,,0.0,4.55
814.0,,,0.0,3.1
815.0,1.65,1.65,0.363,3.1
816.0,6.23,6.23,0.365,1.65
817.0,1.6,1.6,0.332,2.8275
818.0,,,0.0,2.8275
819.0,,,0.0,4.055
820.0,,,0.0,5.282500000000001
821.0,6.51,6.51,0.27,5.282500000000001
822.0,2.75,2.75,0.715,6.5
823.0,6.5,6.5,0.296,6.5
824.0,6.76,6.76,0.27,6.5
825.0,2.67,2.67,0.555,2.67
826.0,2.1,2.1,0.302,2.1
827.0,2.0,2.0,0.466,2.1
828.0,,,0.0,3.835
829.0,5.67,5.67,0.323,4.1
830.0,4.1,4.1,0.253,5.67
831.0,6.0,6,0.673,6.0
832.0,6.6,6.6,0.378,6.0
833.0,4.5,4.5,0.168,6.6
834.0,7.5,7.5,0.206,5.66
835.0,5.66,5.66,0.216,5.66
836.0,3.56,3.56,0.343,5.66
837.0,6.8,6.8,0.198,3.6
838.0,3.6,3.6,0.442,3.6
839.0,3.0,3,0.526,3.0
840.0,2.2,2.2,0.169,3.0
841.0,3.0,3,0.287,3.0
842.0,,,0.0,5.25
843.0,7.5,7.5,0.172,6.0
844.0,6.0,6,0.684,6.0
845.0,6.0,6,0.418,6.0
846.0,1.0,1,0.243,2.4
847.0,2.4,2.4,0.351,2.4
848.0,,,0.0,2.5
849.0,2.6,2.6,0.469,2.5
850.0,2.26,2.26,0.557,2.6
851.0,2.7,2.7,0.269,2.26
852.0,,,0.0,2.2275
853.0,1.755,1.755,0.673,2.2275
854.0,6.4,6.4,0.507,2.65
855.0,2.65,2.65,0.489,2.65
856.0,2.1,2.1,0.538,2.1
857.0,2.1,2.1,0.548,2.1
858.0,6.0,6,0.859,6.0
859.0,7.67,7.67,0.57,6.2
860.0,6.2,6.2,0.473,6.2
861.0,5.0,5,0.172,5.6
862.0,,,0.0,5.6
863.0,6.2,6.2,0.486,5.6
864.0,5.5,5.5,0.368,5.5
865.0,,,0.0,4.25
866.0,3.0,3,0.15,3.0
867.0,1.3,1.3,0.227,1.3
868.0,1.0,1,0.396,1.3
869.0,,,0.0,3.5
870.0,6.0,6,0.158,3.5
871.0,1.65,1.65,0.375,6.0
872.0,6.61,6.61,0.266,2.5
873.0,2.5,2.5,0.652,4.75
874.0,,,0.0,4.75
875.0,7.0,7.0,0.564,5.07
876.0,5.07,5.07,0.227,5.07
877.0,1.6,1.6,0.425,1.7
878.0,1.7,1.7,0.337,1.7
879.0,4.0,4,0.186,4.0
880.0,6.0,6,0.568,4.32
881.0,,,0.0,4.32
882.0,2.64,2.64,0.26,2.64
883.0,,,0.0,2.625
884.0,2.61,2.61,0.582,2.61
885.0,2.07,2.07,0.386,2.61
886.0,7.14,7.14,0.283,7.14
887.0,7.6,7.60,0.551,7.14
888.0,6.1,6.1,0.754,6.1
889.0,5.25,5.25,0.615,5.425
890.0,,,0.0,5.425
891.0,5.6,5.6,0.469,5.6
892.0,6.0,6,0.324,6.0
893.0,6.0,6,0.155,6.0
894.0,3.3,3.3,0.276,3.3
895.0,2.72,2.72,0.521,3.3
896.0,3.6,3.6,0.251,3.53
897.0,3.53,3.53,0.336,3.53
898.0,2.5,2.5,0.459,2.5
899.0,2.0,2,0.558,2.1
900.0,2.1,2.1,0.577,2.1
901.0,,,0.0,2.1
