timestamp_s,reading_value,raw_text,confidence,status,cleaned_value
0.0,4.0,4,0.911,OK,2.0
1.0,0.0,0.0,0.836,OK,0.5
2.0,0.5,0.5,0.98,OK,0.5
3.0,4.126,4.126,0.977,OK,1.121
4.0,1.121,1.121,0.82,OK,1.121
5.0,,,0.0,LOW_CONFIDENCE,0.8356666666666667
6.0,,,0.0,LOW_CONFIDENCE,0.5503333333333333
7.0,0.265,0.265,0.825,OK,0.5503333333333333
8.0,2.21,2.21,0.71,OK,2.21
9.0,,,0.0,LOW_CONFIDENCE,3.4074999999999998
10.0,,,0.0,LOW_CONFIDENCE,4.605
11.0,,,0.0,LOW_CONFIDENCE,5.8025
12.0,7.0,7,0.687,OK,6.8
13.0,,,0.0,LOW_CONFIDENCE,6.8
14.0,6.6,6.6,0.434,OK,6.6
15.0,2.01,2.01,0.537,OK,2.01
16.0,0.0,0.0,0.809,OK,0.0
17.0,0.0,0,0.684,OK,0.0
18.0,6.1,6.1,0.542,OK,4.0
19.0,4.0,4,0.487,OK,4.0
20.0,0.0,0,0.489,OK,4.0
21.0,9.0,9,0.999,OK,6.116
22.0,6.116,6.116,0.788,OK,6.116
23.0,5.558,5.558,0.78,OK,5.558
24.0,1.216,1.216,0.957,OK,5.558
25.0,6.66,6.66,0.846,OK,6.206
26.0,6.206,6.206,0.805,OK,6.35
27.0,6.35,6.35,0.951,OK,6.206
28.0,0.66,0.66,0.899,OK,2.3
29.0,2.3,2.3,0.431,OK,2.3
30.0,4.0,4,1.0,OK,2.3
31.0,1.005,1.005,0.813,OK,1.416
32.0,1.416,1.416,0.885,OK,1.416
33.0,4.6,4.6,0.899,OK,4.6
34.0,4.616,4.616,0.91,OK,4.616
35.0,6.28,6.28,0.691,OK,4.616
36.0,0.36,0.36,0.945,OK,1.081
37.0,1.081,1.081,0.721,OK,0.662
38.0,0.662,0.662,0.933,OK,1.081
39.0,4.11,4.11,0.955,OK,0.662
40.0,0.414,0.414,0.936,OK,0.414
41.0,0.411,0.411,0.973,OK,0.414
42.0,7.452,7.452,0.96,OK,7.452
43.0,7.553,7.553,0.891,OK,7.452
44.0,6.113,6.113,0.874,OK,6.113
45.0,6.0,6.0,0.844,OK,6.009
46.0,6.009,6.009,0.922,OK,6.0
47.0,1.444,1.444,0.884,OK,1.506
48.0,1.506,1.506,0.827,OK,1.444
49.0,1.435,1.435,0.763,OK,1.435
50.0,0.737,0.737,0.561,OK,1.11
51.0,1.11,1.11,0.979,OK,1.11
52.0,5.177,5.177,0.726,OK,3.001
53.0,3.001,3.001,0.72,OK,5.177
54.0,7.07,7.070,0.765,OK,4.007
55.0,4.007,4.007,0.715,OK,7.07
56.0,7.903,7.903,0.742,OK,4.007
57.0,0.0,0.00,0.682,OK,6.69
58.0,6.69,6.69,0.752,OK,0.0
59.0,0.0,0.0,0.644,OK,0.0
60.0,0.0,0.0,0.846,OK,0.0
61.0,9.1,9.10,0.798,OK,0.04
62.0,0.04,0.04,0.784,OK,6.121
63.0,6.121,6.121,0.819,OK,4.231
64.0,4.231,4.231,0.729,OK,4.231
65.0,0.9,0.9,0.688,OK,4.231
66.0,8.5,8.500,0.765,OK,0.9
67.0,0.605,0.605,0.874,OK,0.874
68.0,0.874,0.874,0.813,OK,0.874
69.0,4.65,4.650,0.949,OK,0.874
70.0,0.063,0.063,0.943,OK,0.41
71.0,0.41,0.41,0.878,OK,0.41
72.0,6.3,6.30,0.727,OK,6.3
73.0,6.656,6.656,0.801,OK,6.3
74.0,0.6,0.60,0.831,OK,4.188
75.0,4.188,4.188,0.716,OK,0.6
76.0,0.22,0.220,0.957,OK,4.18
77.0,4.18,4.180,0.725,OK,0.26
78.0,0.26,0.260,0.901,OK,0.529
79.0,0.529,0.529,0.988,OK,0.529
80.0,5.61,5.610,0.968,OK,5.61
81.0,8.506,8.506,0.8,OK,6.6
82.0,6.6,6.600,0.795,OK,6.6
83.0,0.503,0.503,0.831,OK,6.6
84.0,7.555,7.555,0.786,OK,6.0
85.0,6.0,6.0,0.989,OK,6.0
86.0,1.0,1,0.466,OK,4.44
87.0,4.44,4.44,0.875,OK,1.522
88.0,1.522,1.522,0.877,OK,4.44
89.0,4.444,4.444,0.956,OK,1.522
90.0,1.153,1.153,0.92,OK,4.444
91.0,4.54,4.54,0.857,OK,4.54
92.0,6.5,6.500,0.744,OK,4.554
93.0,4.554,4.554,0.708,OK,4.554
94.0,4.417,4.417,0.834,OK,4.554
95.0,4.59,4.590,0.971,OK,4.417
96.0,4.0,4.0,0.761,OK,4.59
97.0,5.48,5.48,0.699,OK,5.48
98.0,8.081,8.081,0.792,OK,5.48
99.0,0.607,0.607,0.969,OK,1.07
100.0,1.07,1.07,0.697,OK,1.07
101.0,6.41,6.41,0.925,OK,5.01
102.0,5.01,5.010,0.968,OK,5.01
103.0,2.1,2.1,0.761,OK,2.1
104.0,1.8,1.80,0.922,OK,1.8
105.0,0.66,0.66,0.823,OK,0.66
106.0,0.62,0.62,0.741,OK,0.66
107.0,1.1,1.10,0.864,OK,0.62
108.0,0.0,0.00,0.892,OK,0.164
109.0,0.164,0.164,0.997,OK,0.164
110.0,6.39,6.39,0.816,OK,1.6
111.0,1.6,1.60,0.957,OK,6.39
112.0,8.0,8,0.756,OK,1.6
113.0,0.0,0.00,0.991,OK,8.0
114.0,9.34,9.34,0.815,OK,6.55
115.0,6.55,6.550,0.783,OK,6.55
116.0,1.047,1.047,0.96,OK,1.11
117.0,1.11,1.11,0.809,OK,1.11
118.0,2.44,2.44,0.87,OK,1.11
119.0,1.1,1.10,0.659,OK,1.571
120.0,1.571,1.571,1.0,OK,1.358
121.0,1.358,1.358,1.0,OK,1.358
122.0,1.212,1.212,1.0,OK,1.212
123.0,1.099,1.099,1.0,OK,1.099
124.0,1.007,1.007,1.0,OK,1.007
125.0,0.929,0.929,1.0,OK,0.929
126.0,0.863,0.863,1.0,OK,0.863
127.0,0.805,0.805,1.0,OK,0.805
128.0,0.756,0.756,1.0,OK,0.805
129.0,1.742,1.742,1.0,OK,1.742
130.0,2.86,2.86,1.0,OK,2.86
131.0,5.05,5.05,1.0,OK,4.19
132.0,4.19,4.19,1.0,OK,4.19
133.0,2.62,2.62,1.0,OK,4.19
134.0,7.48,7.48,0.738,OK,7.48
135.0,7.6,7.60,0.796,OK,7.48
136.0,2.111,2.111,0.957,OK,6.1
137.0,6.1,6.10,0.827,OK,2.111
138.0,0.111,0.111,0.996,OK,0.111
139.0,0.101,0.101,0.786,OK,0.101
140.0,0.096,0.096,0.975,OK,0.101
141.0,0.79,0.79,0.757,OK,0.79
142.0,6.081,6.081,0.856,OK,6.0
143.0,6.0,6.0,0.835,OK,6.0
144.0,5.5,5.5,1.0,OK,5.5
145.0,1.0,1.00,0.921,OK,2.2
146.0,2.2,2.20,1.0,OK,1.0
147.0,0.666,0.666,0.853,OK,2.2
148.0,4.13,4.13,0.933,OK,1.111
149.0,1.111,1.111,0.965,OK,4.13
150.0,6.46,6.460,0.783,OK,1.111
151.0,1.1,1.100,0.856,OK,1.111
152.0,1.111,1.111,0.85,OK,1.1
153.0,0.454,0.454,0.854,OK,0.676
154.0,0.676,0.676,0.975,OK,0.62
155.0,0.62,0.620,0.886,OK,0.676
156.0,1.0,1.0,0.99,OK,1.0
157.0,3.0,3.00,0.777,OK,3.0
158.0,6.6,6.6,0.651,OK,3.0
159.0,1.69,1.69,0.874,OK,1.69
160.0,1.48,1.48,0.6,OK,1.48
161.0,0.0,0.0,0.721,OK,0.0
162.0,0.0,0,0.576,OK,0.0
163.0,1.4,1.4,0.945,OK,0.22
164.0,0.22,0.22,0.965,OK,1.02
165.0,1.02,1.020,0.821,OK,1.02
166.0,8.0,8.0,0.923,OK,1.124
167.0,1.124,1.124,0.963,OK,1.4
168.0,1.4,1.40,0.836,OK,1.142
169.0,1.142,1.142,0.96,OK,1.4
170.0,6.0,6.0,0.674,OK,1.142
171.0,0.1,0.1,0.918,OK,0.1
172.0,0.0,0.0,0.962,OK,0.1
173.0,6.02,6.02,0.978,OK,1.4
174.0,1.4,1.40,0.939,OK,1.4
175.0,1.386,1.386,0.777,OK,1.386
176.0,1.01,1.01,0.987,OK,1.02
177.0,1.02,1.02,0.831,OK,1.02
178.0,5.03,5.03,0.598,OK,4.6
179.0,4.6,4.60,0.847,OK,5.03
180.0,6.1,6.1,0.611,OK,4.6
181.0,1.08,1.08,0.905,OK,1.1
182.0,1.1,1.1,0.859,OK,1.1
183.0,4.88,4.88,0.601,OK,4.31
184.0,4.31,4.31,0.934,OK,4.88
185.0,7.55,7.55,0.906,OK,4.63
186.0,4.63,4.63,1.0,OK,5.53
187.0,5.53,5.53,0.843,OK,5.29
188.0,5.29,5.29,0.997,OK,5.29
189.0,3.2,3.20,0.963,OK,5.29
190.0,6.82,6.82,0.826,OK,3.2
191.0,1.95,1.95,0.997,OK,1.95
192.0,0.6,0.600,0.534,OK,1.523
193.0,1.523,1.523,1.0,OK,1.523
194.0,7.33,7.330,0.516,OK,5.5
195.0,5.5,5.5,0.947,OK,5.5
196.0,3.41,3.41,0.999,OK,3.41
197.0,1.4,1.400,0.759,OK,1.4
198.0,1.21,1.21,0.969,OK,1.21
199.0,0.0,0.00,0.662,OK,1.21
200.0,3.37,3.37,0.889,OK,3.37
201.0,5.55,5.55,0.907,OK,3.37
202.0,1.008,1.008,0.949,OK,5.53
203.0,5.53,5.53,0.705,OK,1.008
204.0,0.6,0.60,0.966,OK,5.25
205.0,5.25,5.25,0.873,OK,1.87
206.0,1.87,1.870,0.804,OK,3.65
207.0,3.65,3.65,0.769,OK,1.87
208.0,1.0,1.000,0.711,OK,3.65
209.0,5.55,5.55,0.779,OK,1.0
210.0,1.0,1.000,0.748,OK,1.0
211.0,0.05,0.050,0.812,OK,1.0
212.0,1.21,1.21,0.945,OK,1.21
213.0,1.502,1.502,0.923,OK,1.21
214.0,0.0,0,0.98,OK,1.502
215.0,1.506,1.506,0.852,OK,1.506
216.0,7.63,7.63,0.886,OK,4.66
217.0,4.66,4.66,0.729,OK,6.1
218.0,6.1,6.10,1.0,OK,4.66
219.0,0.87,0.87,0.71,OK,6.05
220.0,6.05,6.05,0.862,OK,1.188
221.0,1.188,1.188,0.891,OK,1.25
222.0,1.25,1.250,0.62,OK,1.23
223.0,1.23,1.230,0.75,OK,1.25
224.0,5.56,5.56,0.824,OK,1.665
225.0,1.665,1.665,0.973,OK,5.56
226.0,6.2,6.20,0.731,OK,1.86
227.0,1.86,1.86,0.858,OK,1.86
228.0,1.315,1.315,1.0,OK,1.86
229.0,2.16,2.16,1.0,OK,1.9
230.0,1.9,1.90,0.99,OK,1.9
231.0,0.02,0.02,0.79,OK,1.9
232.0,6.07,6.07,0.964,OK,0.525
233.0,0.525,0.525,0.867,OK,0.675
234.0,0.675,0.675,0.94,OK,0.675
235.0,1.864,1.864,0.935,OK,0.675
236.0,0.052,0.052,0.91,OK,1.41
237.0,1.41,1.41,0.762,OK,1.0
238.0,1.0,1.000,0.963,OK,1.41
239.0,1.69,1.69,0.981,OK,1.6
240.0,1.6,1.600,0.93,OK,1.69
241.0,5.03,5.030,0.768,OK,1.6
242.0,1.11,1.11,0.964,OK,1.56
243.0,1.56,1.560,0.995,OK,1.56
244.0,1.8,1.80,0.883,OK,1.565
245.0,1.565,1.565,0.982,OK,1.565
246.0,1.04,1.04,0.74,OK,1.565
247.0,7.44,7.44,0.891,OK,1.04
248.0,0.75,0.750,0.977,OK,1.3
249.0,1.3,1.30,0.949,OK,0.75
250.0,0.2,0.20,0.773,OK,0.55
251.0,0.55,0.55,0.971,OK,0.2
252.0,0.054,0.054,0.736,OK,0.054
253.0,0.048,0.048,0.85,OK,0.048
254.0,0.022,0.022,0.91,OK,0.048
255.0,0.55,0.55,0.996,OK,0.55
256.0,0.665,0.665,0.631,OK,0.55
257.0,0.25,0.25,0.875,OK,0.35
258.0,0.35,0.35,0.913,OK,0.35
259.0,0.742,0.742,0.816,OK,0.35
260.0,0.111,0.111,0.839,OK,0.111
261.0,0.051,0.051,0.688,OK,0.051
262.0,0.022,0.022,0.825,OK,0.051
263.0,0.26,0.26,0.896,OK,0.26
264.0,1.14,1.140,0.983,OK,1.14
265.0,2.21,2.21,1.0,OK,1.14
266.0,1.0,1,0.995,OK,1.15
267.0,1.15,1.15,0.941,OK,1.15
268.0,9.6,9.60,0.894,OK,1.15
269.0,0.0,0.00,0.956,OK,3.2
270.0,3.2,3.20,0.753,OK,0.6
271.0,0.6,0.6,0.687,OK,3.2
272.0,6.419,6.419,0.84,OK,2.4
273.0,2.4,2.4,0.749,OK,2.445
274.0,2.445,2.445,0.604,OK,2.445
275.0,6.25,6.25,0.845,OK,6.25
276.0,6.4,6.4,0.713,OK,6.25
277.0,4.95,4.95,0.89,OK,4.95
278.0,2.154,2.154,0.813,OK,4.95
279.0,6.441,6.441,0.835,OK,2.441
280.0,2.441,2.441,0.799,OK,2.441
281.0,1.6,1.60,0.9,OK,1.6
282.0,1.168,1.168,0.769,OK,1.168
283.0,0.6,0.60,0.594,OK,1.168
284.0,2.0,2,0.999,OK,1.6
285.0,1.6,1.6,0.707,OK,1.6
286.0,0.0,0,0.853,OK,1.6
287.0,7.11,7.110,0.793,OK,7.11
288.0,8.1,8.1,0.994,OK,7.11
289.0,1.74,1.74,0.659,OK,3.12
290.0,,,0.0,LOW_CONFIDENCE,3.12
291.0,4.5,4.50,0.895,OK,3.12
292.0,1.66,1.66,0.732,OK,1.66
293.0,1.15,1.15,0.628,OK,1.66
294.0,4.66,4.660,0.864,OK,3.86
295.0,3.86,3.860,0.856,OK,3.86
296.0,1.11,1.11,0.982,OK,1.11
297.0,0.0,0,0.874,OK,1.0
298.0,1.0,1,0.907,OK,1.0
299.0,4.4,4.400,0.772,OK,1.116
300.0,1.116,1.116,0.99,OK,4.4
301.0,6.66,6.660,0.809,OK,1.155
302.0,1.155,1.155,0.977,OK,1.256
303.0,1.256,1.256,0.832,OK,1.256
304.0,7.0,7,0.806,OK,6.0
305.0,6.0,6,0.469,OK,6.0
306.0,0.001,0.001,0.859,OK,6.0
307.0,8.162,8.162,0.596,OK,4.02
308.0,4.02,4.02,0.818,OK,4.02
309.0,0.022,0.022,0.828,OK,0.022
310.0,0.022,0.022,0.981,OK,0.022
311.0,0.5,0.5,0.962,OK,0.5
312.0,1.177,1.177,0.873,OK,1.1
313.0,1.1,1.10,0.85,OK,1.177
314.0,2.28,2.28,0.824,OK,1.1
315.0,0.11,0.11,0.995,OK,1.1
316.0,1.1,1.1,1.0,OK,1.1
317.0,6.11,6.11,0.991,OK,1.1
318.0,0.22,0.22,0.925,OK,0.6
319.0,0.6,0.6,0.71,OK,0.6
320.0,6.1,6.1,0.986,OK,0.6
321.0,0.02,0.02,0.968,OK,0.7
322.0,0.7,0.7,0.816,OK,0.7
323.0,0.91,0.910,0.975,OK,0.756
324.0,0.756,0.756,0.719,OK,0.756
325.0,0.72,0.72,0.837,OK,0.756
326.0,6.2,6.20,0.886,OK,1.902
327.0,1.902,1.902,0.974,OK,2.0
328.0,2.0,2,0.952,OK,1.902
329.0,0.1,0.1,0.719,OK,1.111
330.0,1.111,1.111,0.859,OK,1.111
331.0,6.13,6.13,0.926,OK,6.13
332.0,7.116,7.116,0.853,OK,6.13
333.0,0.32,0.32,0.888,OK,1.66
334.0,1.66,1.66,0.918,OK,1.66
335.0,3.0,3,0.705,OK,3.0
336.0,4.59,4.59,0.709,OK,3.0
337.0,0.0,0,0.978,OK,0.0
338.0,0.0,0.00,0.668,OK,0.0
339.0,5.55,5.55,0.997,OK,4.23
340.0,4.23,4.23,1.0,OK,4.23
341.0,2.14,2.14,0.684,OK,2.14
342.0,1.14,1.14,0.958,OK,1.14
343.0,0.1,0.10,0.77,OK,1.14
344.0,1.2,1.20,0.969,OK,1.2
345.0,6.6,6.60,0.956,OK,1.505
346.0,1.505,1.505,0.997,OK,1.505
347.0,1.111,1.111,1.0,OK,1.21
348.0,1.21,1.210,0.871,OK,1.21
349.0,,,0.0,LOW_CONFIDENCE,5.005000000000001
350.0,8.8,8.8,0.827,OK,8.8
351.0,9.4,9.4,0.788,OK,8.8
352.0,0.2,0.2,0.721,OK,6.1
353.0,6.1,6.1,0.774,OK,3.1
354.0,3.1,3.1,0.956,OK,3.1
355.0,2.85,2.85,0.828,OK,2.85
356.0,1.11,1.11,1.0,OK,1.11
357.0,0.227,0.227,0.791,OK,0.62
358.0,0.62,0.62,0.96,OK,0.62
359.0,1.104,1.104,0.827,OK,1.004
360.0,1.004,1.004,0.852,OK,1.004
361.0,0.0,0.0,0.991,OK,0.0
362.0,0.0,0,0.788,OK,0.0
363.0,0.71,0.71,0.868,OK,0.71
364.0,7.32,7.32,0.645,OK,3.23
365.0,3.23,3.23,0.957,OK,3.23
366.0,1.14,1.14,0.955,OK,1.14
367.0,1.111,1.111,0.89,OK,1.111
368.0,0.227,0.227,0.982,OK,1.111
369.0,9.246,9.246,0.858,OK,7.322
370.0,7.322,7.322,0.796,OK,7.322
371.0,1.0,1.00,0.995,OK,6.6
372.0,6.6,6.60,0.996,OK,1.478
373.0,1.478,1.478,0.933,OK,5.6
374.0,5.6,5.6,0.85,OK,5.6
375.0,5.6,5.60,0.982,OK,5.6
376.0,4.33,4.33,0.963,OK,5.11
377.0,5.11,5.11,0.882,OK,4.33
378.0,3.98,3.98,0.742,OK,3.98
379.0,2.88,2.88,0.851,OK,2.88
380.0,2.43,2.43,1.0,OK,2.43
381.0,2.15,2.15,1.0,OK,2.15
382.0,1.0,1,0.846,OK,1.757
383.0,1.757,1.757,0.902,OK,1.757
384.0,9.43,9.43,0.791,OK,1.757
385.0,1.45,1.450,0.979,OK,1.45
386.0,1.303,1.303,0.841,OK,1.303
387.0,1.0,1.0,0.997,OK,1.303
388.0,1.4,1.4,0.716,OK,1.4
389.0,9.0,9.0,0.987,OK,6.1
390.0,6.1,6.1,0.842,OK,6.1
391.0,1.0,1.000,0.981,OK,1.06
392.0,1.06,1.060,0.952,OK,1.06
393.0,1.264,1.264,0.977,OK,1.264
394.0,1.48,1.48,0.895,OK,1.48
395.0,1.808,1.808,0.661,OK,1.48
396.0,1.0,1.00,0.917,OK,1.808
397.0,5.0,5.00,0.811,OK,5.0
398.0,5.0,5.000,0.976,OK,5.0
399.0,0.6,0.60,0.897,OK,0.6
400.0,0.01,0.010,0.804,OK,0.6
401.0,5.17,5.170,0.966,OK,4.0
402.0,4.0,4,0.993,OK,5.17
403.0,6.678,6.678,0.902,OK,6.676
404.0,6.676,6.676,0.792,OK,6.676
405.0,0.14,0.14,0.78,OK,5.3
406.0,5.3,5.3,0.844,OK,5.3
407.0,6.006,6.006,0.73,OK,5.3
408.0,0.2,0.200,0.828,OK,5.0
409.0,5.0,5.0,0.928,OK,1.11
410.0,1.11,1.11,0.982,OK,1.46
411.0,1.46,1.46,0.989,OK,1.46
412.0,,,0.0,LOW_CONFIDENCE,1.49
413.0,1.52,1.52,0.915,OK,1.52
414.0,2.25,2.25,0.9,OK,2.25
415.0,4.1,4.1,0.976,OK,2.25
416.0,0.07,0.07,0.858,OK,0.3
417.0,0.3,0.3,0.757,OK,0.3
418.0,6.6,6.6,0.938,OK,5.0
419.0,5.0,5,0.995,OK,5.0
420.0,1.0,1.0,0.986,OK,5.0
421.0,7.0,7.0,0.893,OK,1.0
422.0,0.21,0.21,0.955,OK,2.347
423.0,2.347,2.347,0.777,OK,2.347
424.0,2.358,2.358,0.813,OK,2.358
425.0,6.441,6.441,0.898,OK,6.441
426.0,6.741,6.741,0.856,OK,6.441
427.0,6.341,6.341,0.943,OK,6.341
428.0,2.645,2.645,0.733,OK,6.341
429.0,6.643,6.643,0.788,OK,4.44
430.0,4.44,4.44,0.985,OK,4.44
431.0,2.44,2.44,0.976,OK,4.001
432.0,4.001,4.001,0.892,OK,2.44
433.0,0.706,0.706,0.934,OK,0.706
434.0,0.008,0.008,0.667,OK,0.008
435.0,0.0,0.000,0.981,OK,0.008
436.0,4.0,4.00,0.771,OK,4.0
437.0,6.6,6.60,0.682,OK,6.422
438.0,6.422,6.422,0.838,OK,6.422
439.0,4.42,4.420,0.885,OK,4.43
440.0,4.43,4.430,0.84,OK,4.43
441.0,6.421,6.421,0.755,OK,4.43
442.0,4.42,4.420,0.98,OK,4.42
443.0,2.42,2.42,0.798,OK,2.42
444.0,1.462,1.462,0.71,OK,2.42
445.0,6.621,6.621,0.946,OK,2.46
446.0,2.46,2.46,0.822,OK,2.46
447.0,0.01,0.010,0.861,OK,0.05
448.0,0.05,0.05,0.802,OK,0.05
449.0,3.0,3.00,0.984,OK,0.8
450.0,0.8,0.8,0.746,OK,1.105
451.0,1.105,1.105,0.992,OK,1.105
452.0,2.2,2.20,0.828,OK,1.105
453.0,0.0,0.00,0.87,OK,1.58
454.0,1.58,1.58,0.778,OK,1.58
455.0,7.0,7,1.0,OK,5.02
456.0,5.02,5.020,0.815,OK,6.61
457.0,6.61,6.61,0.916,OK,6.61
458.0,8.261,8.261,0.746,OK,6.61
459.0,4.01,4.01,0.819,OK,6.61
460.0,6.61,6.61,0.872,OK,6.61
461.0,8.801,8.801,0.835,OK,6.61
462.0,3.366,3.366,0.977,OK,3.366
463.0,0.001,0.001,0.922,OK,3.366
464.0,7.14,7.14,0.974,OK,1.006
465.0,1.006,1.006,0.985,OK,1.006
466.0,0.3,0.30,0.733,OK,0.3
467.0,0.001,0.001,0.959,OK,0.3
468.0,3.06,3.06,0.996,OK,2.206
469.0,2.206,2.206,0.898,OK,2.206
470.0,1.06,1.06,0.928,OK,1.6
471.0,1.6,1.6,0.84,OK,1.6
472.0,7.741,7.741,0.824,OK,1.6
473.0,1.2,1.200,0.878,OK,1.2
474.0,1.161,1.161,0.625,OK,1.2
475.0,7.655,7.655,0.901,OK,4.485
476.0,4.485,4.485,0.747,OK,7.655
477.0,8.187,8.187,0.817,OK,4.485
478.0,2.206,2.206,0.921,OK,6.63
479.0,6.63,6.630,0.784,OK,4.156
480.0,4.156,4.156,0.743,OK,4.156
481.0,1.6,1.6,0.967,OK,1.6
482.0,0.0,0.0,0.865,OK,1.01
483.0,1.01,1.010,0.826,OK,1.01
484.0,3.53,3.53,0.726,OK,3.53
485.0,6.53,6.53,0.85,OK,3.53
486.0,0.0,0.00,0.634,OK,2.55
487.0,2.55,2.55,0.848,OK,2.55
488.0,8.06,8.06,0.887,OK,2.55
489.0,0.624,0.624,0.708,OK,4.11
490.0,4.11,4.110,0.832,OK,4.11
491.0,9.6,9.60,0.821,OK,6.111
492.0,6.111,6.111,0.922,OK,6.323
493.0,6.323,6.323,0.687,OK,6.111
494.0,0.14,0.14,0.59,OK,1.33
495.0,1.33,1.33,0.781,OK,0.4
496.0,0.4,0.4,0.659,OK,1.33
497.0,1.333,1.333,0.767,OK,1.333
498.0,2.1,2.1,0.965,OK,2.1
499.0,2.27,2.27,0.755,OK,2.1
500.0,1.1,1.1,0.685,OK,1.1
501.0,0.067,0.067,0.978,OK,0.777
502.0,0.777,0.777,0.774,OK,0.41
503.0,0.41,0.410,0.874,OK,0.41
504.0,0.11,0.11,0.922,OK,0.41
505.0,6.11,6.11,0.905,OK,1.041
506.0,1.041,1.041,0.881,OK,6.11
507.0,6.77,6.77,0.675,OK,1.041
508.0,0.91,0.91,0.934,OK,0.91
509.0,0.3,0.3,0.892,OK,0.31
510.0,0.31,0.31,0.865,OK,0.3
511.0,0.01,0.01,0.972,OK,0.1
512.0,0.1,0.1,0.999,OK,0.1
513.0,5.05,5.05,0.692,OK,1.6
514.0,1.6,1.6,0.951,OK,1.6
515.0,1.6,1.6,0.932,OK,1.6
516.0,1.0,1,1.0,OK,1.2
517.0,1.2,1.2,0.942,OK,1.0
518.0,0.0,0,0.995,OK,1.2
519.0,8.0,8,0.931,OK,7.0
520.0,7.0,7,0.613,OK,7.0
521.0,4.72,4.72,0.657,OK,4.72
522.0,1.51,1.51,0.867,OK,1.51
523.0,1.1,1.1,0.969,OK,1.51
524.0,8.4,8.4,0.999,OK,5.73
525.0,5.73,5.73,0.951,OK,5.73
526.0,1.11,1.110,0.902,OK,5.73
527.0,6.112,6.112,0.989,OK,1.11
528.0,0.18,0.18,0.827,OK,6.112
529.0,7.6,7.60,0.744,OK,2.531
530.0,2.531,2.531,0.712,OK,4.0
531.0,4.0,4.0,0.982,OK,2.531
532.0,2.2,2.20,0.68,OK,4.0
533.0,8.12,8.12,0.924,OK,3.16
534.0,3.16,3.160,0.878,OK,3.16
535.0,0.2,0.20,0.792,OK,0.2
536.0,0.0,0.0,0.974,OK,0.2
537.0,0.66,0.66,0.868,OK,0.66
538.0,1.86,1.86,0.872,OK,0.66
539.0,0.6,0.60,0.965,OK,0.748
540.0,0.748,0.748,0.867,OK,0.748
541.0,8.756,8.756,0.768,OK,0.748
542.0,0.0,0.0,0.768,OK,1.613
543.0,1.613,1.613,0.991,OK,1.03
544.0,1.03,1.03,0.865,OK,1.03
545.0,0.1,0.1,0.893,OK,1.03
546.0,2.282,2.282,0.761,OK,1.506
547.0,1.506,1.506,0.886,OK,2.282
548.0,3.0,3,0.661,OK,1.506
549.0,0.44,0.44,0.749,OK,1.71
550.0,1.71,1.710,0.825,OK,0.44
551.0,0.04,0.04,0.704,OK,1.71
552.0,6.33,6.33,0.912,OK,6.32
553.0,6.32,6.32,0.757,OK,6.32
554.0,6.111,6.111,0.965,OK,6.111
555.0,0.0,0,0.998,OK,0.103
556.0,0.103,0.103,0.818,OK,0.103
557.0,0.11,0.11,0.997,OK,0.11
558.0,6.77,6.77,0.893,OK,4.61
559.0,4.61,4.61,0.91,OK,6.4
560.0,6.4,6.4,0.965,OK,6.14
561.0,6.14,6.14,0.999,OK,6.14
562.0,4.18,4.18,1.0,OK,4.18
563.0,1.11,1.11,0.955,OK,2.51
564.0,2.51,2.51,0.985,OK,2.14
565.0,2.14,2.14,0.901,OK,2.14
566.0,1.11,1.11,1.0,OK,2.14
567.0,6.0,6,0.519,OK,1.11
568.0,1.0,1,0.986,OK,1.21
569.0,1.21,1.21,0.774,OK,1.11
570.0,1.11,1.11,0.988,OK,1.11
571.0,1.02,1.020,0.955,OK,1.02
572.0,0.525,0.525,0.904,OK,1.02
573.0,1.31,1.31,0.815,OK,1.0
574.0,1.0,1,0.991,OK,1.0
575.0,0.37,0.37,0.618,OK,1.0
576.0,4.15,4.15,0.955,OK,4.15
577.0,4.44,4.44,0.606,OK,4.15
578.0,2.292,2.292,0.884,OK,2.66
579.0,2.66,2.66,0.906,OK,2.292
580.0,1.07,1.07,0.999,OK,2.415
581.0,2.415,2.415,0.622,OK,1.07
582.0,1.0,1.0,0.969,OK,2.415
583.0,6.43,6.43,0.932,OK,4.0
584.0,4.0,4.0,0.967,OK,4.0
585.0,2.27,2.27,0.889,OK,4.0
586.0,4.24,4.24,0.869,OK,2.27
587.0,1.21,1.21,0.745,OK,4.24
588.0,7.1,7.10,0.608,OK,3.01
589.0,3.01,3.01,0.904,OK,3.01
590.0,1.8,1.80,0.736,OK,3.01
591.0,7.0,7.0,0.722,OK,6.3
592.0,6.3,6.30,0.808,OK,6.3
593.0,1.22,1.22,0.961,OK,3.41
594.0,3.41,3.41,0.96,OK,3.41
595.0,5.55,5.55,0.954,OK,3.41
596.0,0.06,0.06,0.889,OK,5.55
597.0,6.365,6.365,0.934,OK,1.4
598.0,1.4,1.40,0.991,OK,2.33
599.0,2.33,2.33,0.999,OK,1.4
600.0,0.3,0.30,0.953,OK,0.3
601.0,0.0,0.0,0.999,OK,0.3
602.0,5.352,5.352,0.754,OK,3.4
603.0,3.4,3.4,0.822,OK,3.4
604.0,,,0.0,LOW_CONFIDENCE,1.75
605.0,0.1,0.1,0.881,OK,1.75
606.0,7.7,7.7,0.98,OK,0.1
607.0,0.0,0,0.322,OK,6.661
608.0,6.661,6.661,0.744,OK,0.08
609.0,0.08,0.08,0.841,OK,0.08
610.0,0.0,0.0,0.817,OK,0.08
611.0,6.666,6.666,0.772,OK,4.051
612.0,4.051,4.051,0.623,OK,6.666
613.0,7.601,7.601,0.768,OK,4.051
614.0,0.001,0.001,0.806,OK,4.014
615.0,4.014,4.014,0.796,OK,4.014
616.0,6.056,6.056,0.721,OK,4.014
617.0,0.0,0.000,0.863,OK,0.51
618.0,0.51,0.510,0.502,OK,0.51
619.0,2.06,2.06,0.882,OK,0.8
620.0,0.8,0.8,0.957,OK,0.8
621.0,0.6,0.6,0.739,OK,0.8
622.0,2.01,2.01,0.819,OK,0.6
623.0,0.41,0.41,0.631,OK,0.41
624.0,0.01,0.01,0.967,OK,0.41
625.0,2.5,2.5,0.656,OK,1.0
626.0,1.0,1.0,0.899,OK,1.65
627.0,1.65,1.65,0.811,OK,1.0
628.0,0.33,0.33,0.999,OK,1.65
629.0,4.161,4.161,0.917,OK,4.161
630.0,7.0,7,0.944,OK,4.161
631.0,1.66,1.660,0.83,OK,1.71
632.0,1.71,1.71,0.68,OK,1.71
633.0,6.0,6.0,0.903,OK,1.71
634.0,0.0,0.0,0.994,OK,0.6
635.0,0.6,0.6,0.913,OK,0.6
636.0,5.5,5.5,0.992,OK,2.85
637.0,2.85,2.85,0.778,OK,5.5
638.0,6.0,6.0,0.939,OK,2.85
639.0,2.4,2.4,0.827,OK,2.4
640.0,0.2,0.20,0.81,OK,2.4
641.0,6.13,6.13,0.941,OK,2.436
642.0,2.436,2.436,0.63,OK,2.436
643.0,1.014,1.014,0.915,OK,1.014
644.0,0.014,0.014,0.963,OK,1.014
645.0,2.005,2.005,0.937,OK,1.014
646.0,1.014,1.014,0.988,OK,1.014
647.0,0.005,0.005,0.97,OK,0.014
648.0,0.014,0.014,0.857,OK,0.014
649.0,0.055,0.055,0.808,OK,0.014
650.0,0.004,0.004,0.901,OK,0.055
651.0,1.015,1.015,0.851,OK,1.015
652.0,4.111,4.111,0.896,OK,1.015
653.0,0.114,0.114,0.622,OK,2.01
654.0,2.01,2.01,0.872,OK,1.7
655.0,1.7,1.7,0.965,OK,1.7
656.0,0.0,0.000,0.822,OK,0.0
657.0,0.0,0.000,0.798,OK,0.0
658.0,0.0,0,0.848,OK,0.0
659.0,0.6,0.60,0.974,OK,0.6
660.0,1.062,1.062,0.843,OK,1.062
661.0,1.7,1.7,0.851,OK,1.7
662.0,4.442,4.442,0.804,OK,2.43
663.0,2.43,2.43,0.781,OK,2.43
664.0,1.71,1.71,0.998,OK,1.71
665.0,1.2,1.2,0.837,OK,1.2
666.0,1.142,1.142,0.925,OK,1.142
667.0,1.0,1,0.529,OK,1.142
668.0,1.8,1.80,0.868,OK,1.8
669.0,2.956,2.956,0.787,OK,1.8
670.0,1.0,1.00,0.821,OK,2.956
671.0,4.016,4.016,0.827,OK,3.31
672.0,3.31,3.310,0.77,OK,3.31
673.0,0.1,0.10,0.742,OK,0.6
674.0,0.6,0.6,0.813,OK,0.6
675.0,3.0,3,0.916,OK,0.6
676.0,0.0,0.00,0.991,OK,0.0
677.0,0.0,0.0,0.951,OK,0.0
678.0,6.205,6.205,0.839,OK,4.8
679.0,4.8,4.80,0.949,OK,6.205
680.0,6.206,6.206,0.78,OK,5.0
681.0,5.0,5.0,0.909,OK,5.0
682.0,4.1,4.1,0.901,OK,4.1
683.0,0.0,0.00,0.76,OK,4.1
684.0,8.5,8.5,0.53,OK,7.46
685.0,7.46,7.46,0.794,OK,7.46
686.0,1.185,1.185,0.862,OK,1.185
687.0,1.144,1.144,0.913,OK,1.185
688.0,,,0.0,LOW_CONFIDENCE,2.7720000000000002
689.0,4.4,4.40,0.921,OK,2.7720000000000002
690.0,0.1,0.100,0.891,OK,4.4
691.0,4.68,4.680,0.884,OK,4.68
692.0,8.1,8.1,0.82,OK,4.68
693.0,1.0,1.0,0.867,OK,2.0
694.0,2.0,2.0,0.773,OK,2.0
695.0,6.1,6.10,0.865,OK,6.0
696.0,6.0,6,0.66,OK,6.0
697.0,0.0,0.0,0.874,OK,6.0
698.0,6.0,6.0,0.997,OK,6.0
699.0,7.441,7.441,0.862,OK,7.011
700.0,7.011,7.011,0.837,OK,7.011
701.0,6.08,6.08,0.886,OK,7.011
702.0,8.64,8.64,0.659,OK,6.08
703.0,1.06,1.060,0.633,OK,1.555
704.0,1.555,1.555,0.808,OK,1.555
705.0,7.235,7.235,0.814,OK,1.555
706.0,1.46,1.460,0.759,OK,1.46
707.0,0.28,0.28,0.949,OK,1.46
708.0,1.725,1.725,0.983,OK,1.0
709.0,1.0,1,0.891,OK,1.725
710.0,4.16,4.16,0.786,OK,1.04
711.0,1.04,1.04,0.707,OK,4.16
712.0,4.45,4.450,0.844,OK,1.04
713.0,0.44,0.440,0.848,OK,2.8
714.0,2.8,2.80,0.744,OK,2.0
715.0,2.0,2.0,0.784,OK,2.8
716.0,6.0,6,0.994,OK,2.0
717.0,1.0,1,0.963,OK,6.0
718.0,6.0,6,0.412,OK,6.0
719.0,6.1,6.1,0.713,OK,6.0
720.0,6.0,6,0.678,OK,6.0
721.0,2.2,2.2,0.906,OK,2.2
722.0,0.004,0.004,0.698,OK,2.2
723.0,8.001,8.001,0.795,OK,2.3
724.0,2.3,2.3,0.999,OK,2.3
725.0,0.61,0.61,0.778,OK,0.6657142857142857
726.0,,,0.0,LOW_CONFIDENCE,0.6657142857142857
727.0,,,0.0,LOW_CONFIDENCE,0.7214285714285714
728.0,,,0.0,LOW_CONFIDENCE,0.7771428571428571
729.0,,,0.0,LOW_CONFIDENCE,0.8328571428571429
730.0,,,0.0,LOW_CONFIDENCE,0.8885714285714286
731.0,,,0.0,LOW_CONFIDENCE,0.8885714285714286
732.0,1.0,1,0.997,OK,1.0
733.0,,,0.0,LOW_CONFIDENCE,1.0
734.0,,,0.0,LOW_CONFIDENCE,1.0
735.0,,,0.0,LOW_CONFIDENCE,1.0
736.0,,,0.0,LOW_CONFIDENCE,1.0
737.0,,,0.0,LOW_CONFIDENCE,1.0
738.0,,,0.0,LOW_CONFIDENCE,1.0
739.0,,,0.0,LOW_CONFIDENCE,1.0
740.0,1.0,1,0.787,OK,1.0
741.0,,,0.0,LOW_CONFIDENCE,1.2
742.0,,,0.0,LOW_CONFIDENCE,1.4
743.0,,,0.0,LOW_CONFIDENCE,1.6
744.0,,,0.0,LOW_CONFIDENCE,1.8
745.0,2.0,2,0.938,OK,2.0
746.0,5.0,5.0,0.698,OK,5.0
747.0,5.264,5.264,0.572,OK,5.0
748.0,1.265,1.265,0.788,OK,5.0
749.0,5.0,5,0.999,OK,1.265
750.0,1.26,1.260,0.613,OK,2.1399999999999997
751.0,,,0.0,LOW_CONFIDENCE,2.1399999999999997
752.0,,,0.0,LOW_CONFIDENCE,3.0199999999999996
753.0,3.9,3.9,0.597,OK,3.0199999999999996
754.0,1.0,1.0,0.775,OK,1.0
755.0,1.0,1,0.584,OK,1.0
756.0,2.1,2.1,0.96,OK,2.1
757.0,5.6,5.6,0.722,OK,5.6
758.0,6.6,6.6,0.937,OK,6.6
759.0,6.6,6.6,0.941,OK,6.6
760.0,0.1,0.1,0.864,OK,6.114
761.0,6.114,6.114,0.814,OK,1.141
762.0,1.141,1.141,0.728,OK,1.141
763.0,1.11,1.11,0.772,OK,1.141
764.0,1.75,1.75,0.655,OK,1.73
765.0,1.73,1.73,0.828,OK,1.75
766.0,5.0,5,0.571,OK,5.0
767.0,5.0,5,0.973,OK,5.0
768.0,0.0,0,0.984,OK,5.0
769.0,7.0,7.0,0.835,OK,0.0
770.0,0.0,0,1.0,OK,7.0
771.0,7.0,7.0,0.902,OK,7.0
772.0,7.0,7.0,0.965,OK,7.0
773.0,,,0.0,LOW_CONFIDENCE,4.0
774.0,1.0,1.0,0.944,OK,1.0
775.0,1.0,1.0,0.981,OK,1.0
776.0,1.0,1.00,0.767,OK,1.0
777.0,5.501,5.501,0.881,OK,5.501
778.0,,,0.0,LOW_CONFIDENCE,5.9005
779.0,6.3,6.30,0.938,OK,5.9005
780.0,0.0,0.0,0.99,OK,4.448
781.0,4.448,4.448,0.827,OK,4.22
782.0,4.22,4.22,0.605,OK,4.22
783.0,1.111,1.111,0.973,OK,4.22
784.0,7.026,7.026,0.808,OK,3.3
785.0,3.3,3.30,0.801,OK,5.63
786.0,5.63,5.63,0.943,OK,3.3
787.0,0.0,0.00,0.869,OK,2.33
788.0,2.33,2.33,0.95,OK,2.33
789.0,5.53,5.53,0.902,OK,2.33
790.0,1.7,1.700,0.806,OK,1.7
791.0,0.0,0.00,0.848,OK,1.7
792.0,7.03,7.03,0.778,OK,0.07
793.0,0.07,0.07,0.759,OK,0.38
794.0,,,0.0,LOW_CONFIDENCE,0.38
795.0,,,0.0,LOW_CONFIDENCE,0.69
796.0,1.0,1,0.665,OK,1.0
797.0,,,0.0,LOW_CONFIDENCE,1.94
798.0,,,0.0,LOW_CONFIDENCE,2.88
799.0,,,0.0,LOW_CONFIDENCE,3.8200000000000003
800.0,,,0.0,LOW_CONFIDENCE,4.76
801.0,5.7,5.70,0.672,OK,5.7
802.0,7.0,7,0.996,OK,5.7
803.0,5.06,5.06,0.829,OK,5.06
804.0,4.22,4.22,0.74,OK,4.22
805.0,1.241,1.241,0.731,OK,1.241
806.0,1.0,1,0.999,OK,1.241
807.0,,,0.0,LOW_CONFIDENCE,2.703333333333333
808.0,,,0.0,LOW_CONFIDENCE,4.406666666666666
809.0,6.11,6.11,0.764,OK,4.406666666666666
810.0,4.0,4,0.896,OK,6.11
811.0,6.11,6.11,0.829,OK,6.11
812.0,8.0,8,0.427,OK,6.11
813.0,0.6,0.6,0.782,OK,4.45
814.0,4.45,4.45,0.749,OK,4.45
815.0,6.526,6.526,0.81,OK,4.893
816.0,4.893,4.893,0.775,OK,4.893
817.0,2.6,2.6,0.659,OK,2.6
818.0,1.7,1.7,0.824,OK,1.7
819.0,,,0.0,LOW_CONFIDENCE,1.5899999999999999
820.0,1.48,1.48,0.772,OK,1.5899999999999999
821.0,3.261,3.261,0.838,OK,2.75
822.0,2.75,2.75,1.0,OK,3.261
823.0,7.001,7.001,0.949,OK,5.0
824.0,5.0,5.00,0.99,OK,5.0
825.0,2.57,2.57,0.979,OK,2.57
826.0,0.11,0.11,0.852,OK,2.57
827.0,6.0,6,1.0,OK,6.0
828.0,6.0,6,0.52,OK,6.0
829.0,0.2,0.20,0.773,OK,2.0
830.0,2.0,2.0,0.922,OK,2.0
831.0,2.3,2.3,0.791,OK,2.0
832.0,1.6,1.6,0.685,OK,2.2
833.0,2.2,2.2,0.984,OK,1.6
834.0,1.0,1,0.622,OK,1.0
835.0,1.0,1.00,0.719,OK,1.0
836.0,1.06,1.06,0.931,OK,1.06
837.0,1.536,1.536,0.968,OK,1.536
838.0,3.36,3.36,0.998,OK,3.36
839.0,7.22,7.22,0.799,OK,3.36
840.0,3.03,3.03,0.865,OK,7.22
841.0,7.335,7.335,0.882,OK,3.03
842.0,1.0,1,0.999,OK,1.0
843.0,0.0,0,0.907,OK,1.0
844.0,1.1,1.1,1.0,OK,1.05
845.0,1.05,1.05,0.738,OK,1.1
846.0,5.1,5.1,0.863,OK,1.05
847.0,1.01,1.01,0.996,OK,1.01
848.0,1.0,1,0.864,OK,1.01
849.0,2.58,2.58,0.749,OK,2.58
850.0,7.016,7.016,0.808,OK,2.58
851.0,2.05,2.05,0.875,OK,2.05
852.0,1.0,1,0.537,OK,1.051
853.0,1.051,1.051,0.797,OK,1.051
854.0,3.01,3.01,0.955,OK,2.53
855.0,2.53,2.53,0.988,OK,2.53
856.0,2.3,2.30,0.992,OK,2.3
857.0,2.11,2.11,0.99,OK,2.11
858.0,1.155,1.155,0.811,OK,1.767
859.0,1.767,1.767,0.934,OK,1.767
860.0,5.657,5.657,0.847,OK,5.657
861.0,7.777,7.777,0.62,OK,5.657
862.0,4.541,4.541,0.927,OK,7.777
863.0,9.6,9.6,0.461,OK,4.541
864.0,1.7,1.7,0.741,OK,5.0
865.0,5.0,5.0,0.951,OK,3.723
866.0,3.723,3.723,0.853,OK,3.723
867.0,1.11,1.11,0.66,OK,3.723
868.0,7.1,7.1,0.481,OK,6.22
869.0,6.22,6.22,0.794,OK,6.22
870.0,6.12,6.12,0.804,OK,6.12
871.0,0.0,0.0,0.859,OK,1.11
872.0,1.11,1.11,0.829,OK,1.11
873.0,6.0,6.0,0.909,OK,6.0
874.0,6.6,6.6,0.915,OK,6.0
875.0,1.77,1.77,0.808,OK,5.9
876.0,5.9,5.90,0.905,OK,1.77
877.0,1.16,1.16,0.828,OK,1.16
878.0,1.1,1.1,0.96,OK,1.16
879.0,1.4,1.4,0.947,OK,1.1
880.0,1.0,1,0.522,OK,1.0
881.0,1.0,1,0.999,OK,1.0
882.0,1.0,1,0.998,OK,1.0
883.0,0.0,0,0.476,OK,1.0
884.0,2.266,2.266,0.918,OK,2.266
885.0,4.0,4.00,0.891,OK,4.0
886.0,6.66,6.66,0.917,OK,4.0
887.0,0.06,0.06,0.858,OK,6.0
888.0,6.0,6,0.913,OK,6.0
889.0,6.0,6.00,0.863,OK,6.0
890.0,0.1,0.1,0.949,OK,3.6
891.0,3.6,3.6,0.904,OK,3.6
892.0,4.01,4.01,0.899,OK,4.01
893.0,6.06,6.06,0.842,OK,6.06
894.0,6.6,6.60,0.83,OK,6.06
895.0,2.72,2.72,0.996,OK,3.04
896.0,3.04,3.04,0.998,OK,3.0
897.0,3.0,3.00,0.697,OK,3.04
898.0,6.45,6.45,0.751,OK,3.0
899.0,1.04,1.04,0.884,OK,2.31
900.0,2.31,2.31,0.998,OK,2.31
901.0,,,0.0,LOW_CONFIDENCE,2.31
