timestamp_s,reading_value,raw_text,unit,confidence,status,interpolated_value
0.0,289.8,289.8,V,0.289,OK,3.09
1.0,92.89,92.89,V,0.36,OK,3.09
2.0,99.29,99.29,V,0.36,OK,3.09
3.0,3.09,3.090,V,0.361,OK,3.09
4.0,3.45,3.45,V,0.268,OK,3.09
5.0,,,V,0.0,LOW_CONFIDENCE,1.225
6.0,-1.0,-1,V,0.503,OK,1.225
7.0,3.25,3.25,V,0.24,OK,3.25
8.0,72.88,72.88,V,0.297,OK,4.02
9.0,,,V,0.0,LOW_CONFIDENCE,4.79
10.0,,,V,0.0,LOW_CONFIDENCE,5.56
11.0,,,V,0.0,LOW_CONFIDENCE,6.33
12.0,7.1,7.1,V,0.56,OK,6.33
13.0,0.1,0.1,V,0.319,OK,7.1
14.0,9.0,9,V,0.304,OK,5.0
15.0,,,V,0.0,LOW_CONFIDENCE,5.0
16.0,1.0,1,V,0.708,OK,5.0
17.0,8.1,8.1,V,0.389,OK,8.0
18.0,8.0,8.0,V,0.116,LOW_CONFIDENCE,8.0
19.0,66.1,66.1,V,0.263,OK,4.4
20.0,0.8,0.800,V,0.137,LOW_CONFIDENCE,4.4
21.0,7.662,7.662,V,0.231,OK,4.88
22.0,4.88,4.88,V,0.418,OK,4.88
23.0,0.468,0.468,V,0.287,OK,4.88
24.0,9.428,9.428,V,0.307,OK,3.4
25.0,3.4,3.400,V,0.193,LOW_CONFIDENCE,3.4
26.0,2.68,2.680,V,0.329,OK,2.794
27.0,260.0,260.0,V,0.304,OK,2.794
28.0,2.908,2.908,V,0.282,OK,2.908
29.0,520.4,520.4,V,0.251,OK,3.896
30.0,4.884,4.884,V,0.325,OK,4.88
31.0,4.88,4.880,V,0.227,OK,4.882
32.0,528.3,528.3,V,0.252,OK,4.882
33.0,4.884,4.884,V,0.317,OK,4.884
34.0,9.908,9.908,V,0.294,OK,4.884
35.0,3.404,3.404,V,0.402,OK,3.958
36.0,3.958,3.958,V,0.289,OK,3.958
37.0,4.978,4.978,V,0.389,OK,4.978
38.0,9.808,9.808,V,0.231,OK,4.978
39.0,2.968,2.968,V,0.268,OK,3.968
40.0,3.968,3.968,V,0.272,OK,3.938
41.0,3.938,3.938,V,0.296,OK,3.968
42.0,4.528,4.528,V,0.417,OK,3.938
43.0,2.628,2.628,V,0.392,OK,2.628
44.0,2.528,2.528,V,0.362,OK,2.628
45.0,252.0,252.0,V,0.305,OK,5.5280000000000005
46.0,8.528,8.528,V,0.328,OK,8.528
47.0,8.578,8.578,V,0.368,OK,8.528
48.0,4.938,4.938,V,0.306,OK,8.578
49.0,25.28,25.28,V,0.322,OK,8.528
50.0,8.528,8.528,V,0.336,OK,8.528
51.0,2.688,2.688,V,0.341,OK,6.838
52.0,6.838,6.838,V,0.353,OK,2.688
53.0,2.036,2.036,V,0.358,OK,6.838
54.0,25.86,25.86,V,0.296,OK,17.09
55.0,258.8,258.8,V,0.286,OK,17.09
56.0,8.32,8.320,V,0.287,OK,8.32
57.0,7.666,7.666,V,0.192,LOW_CONFIDENCE,7.666
58.0,5.0,5.,V,0.303,OK,5.0
59.0,5.0,5.,V,0.351,OK,5.0
60.0,0.22,0.22,V,0.242,OK,5.0
61.0,6.2,6.20,V,0.207,OK,3.62
62.0,3.62,3.620,V,0.229,OK,6.2
63.0,6.686,6.686,V,0.149,LOW_CONFIDENCE,6.686
64.0,8.888,8.888,V,0.395,OK,6.686
65.0,4.848,4.848,V,0.358,OK,4.848
66.0,1.666,1.666,V,0.209,OK,2.0
67.0,2.0,2.,V,0.273,OK,2.0
68.0,3.1,3.1,V,0.344,OK,2.0
69.0,1.806,1.806,V,0.377,OK,1.806
70.0,98.69,98.69,V,0.274,OK,1.736
71.0,1.666,1.666,V,0.228,OK,1.736
72.0,2.882,2.882,V,0.367,OK,2.882
73.0,8.888,8.888,V,0.25,OK,7.084
74.0,82.8,82.80,V,0.31,OK,7.084
75.0,5.28,5.280,V,0.345,OK,5.28
76.0,0.682,0.682,V,0.227,OK,5.28
77.0,8.682,8.682,V,0.291,OK,8.682
78.0,28.8,28.80,V,0.351,OK,8.682
79.0,8.386,8.386,V,0.243,OK,8.386
80.0,2.288,2.288,V,0.318,OK,8.382
81.0,8.382,8.382,V,0.229,OK,2.6
82.0,2.6,2.6,V,0.217,OK,2.6
83.0,0.6,0.6,V,0.148,LOW_CONFIDENCE,0.6
84.0,0.6,0.6,V,0.267,OK,0.6
85.0,6.6,6.6,V,0.279,OK,2.6
86.0,2.6,2.6,V,0.204,OK,2.882
87.0,2.882,2.882,V,0.328,OK,2.882
88.0,7.282,7.282,V,0.348,OK,7.282
89.0,28.8,28.80,V,0.31,OK,7.282
90.0,5.982,5.982,V,0.35,OK,5.982
91.0,2.886,2.886,V,0.246,OK,5.982
92.0,8.682,8.682,V,0.329,OK,8.682
93.0,82.8,82.80,V,0.31,OK,8.741
94.0,8.8,08.80,V,0.319,OK,8.741
95.0,2.68,2.680,V,0.356,OK,8.8
96.0,8.822,8.822,V,0.249,OK,8.822
97.0,16.0,16.,V,0.298,OK,8.822
98.0,0.28,0.280,V,0.206,OK,5.486
99.0,5.486,5.486,V,0.287,OK,5.292
100.0,5.292,5.292,V,0.381,OK,5.292
101.0,4.002,4.002,V,0.373,OK,5.292
102.0,6.0,6.,V,0.309,OK,4.382
103.0,4.382,4.382,V,0.381,OK,4.982
104.0,4.982,4.982,V,0.392,OK,4.382
105.0,0.882,0.882,V,0.244,OK,0.882
106.0,0.182,0.182,V,0.301,OK,0.882
107.0,0.986,0.986,V,0.298,OK,0.882
108.0,0.882,0.882,V,0.199,LOW_CONFIDENCE,0.882
109.0,0.856,0.856,V,0.259,OK,0.856
110.0,43.82,43.82,V,0.403,OK,0.488
111.0,0.12,0.12,V,0.249,OK,0.488
112.0,5.782,5.782,V,0.251,OK,5.782
113.0,5.882,5.882,V,0.157,LOW_CONFIDENCE,5.882
114.0,5.883,5.883,V,0.311,OK,5.882
115.0,5.202,5.202,V,0.243,OK,5.202
116.0,0.609,0.609,V,0.174,LOW_CONFIDENCE,2.8045
117.0,,2.-7,V,0.315,OK,2.8045
118.0,5.0,5.,V,0.376,OK,5.0
119.0,20.82,20.82,V,0.291,OK,6.0
120.0,6.0,6.,V,0.305,OK,8.6
121.0,8.6,8.6,V,0.347,OK,6.0
122.0,2.6,2.6,V,0.215,OK,2.6
123.0,0.0,0.,V,0.251,OK,2.0
124.0,2.0,2.,V,0.317,OK,2.0
125.0,5.0,5.,V,0.356,OK,5.0
126.0,6.68,6.680,V,0.329,OK,6.68
127.0,8.88,8.880,V,0.324,OK,6.68
128.0,2.88,2.880,V,0.364,OK,5.889
129.0,5.889,5.889,V,0.264,OK,2.88
130.0,2.0,2,V,0.149,LOW_CONFIDENCE,2.688
131.0,2.688,2.688,V,0.329,OK,2.0
132.0,0.01,0.01,V,0.222,OK,2.688
133.0,4.86,4.860,V,0.293,OK,0.68
134.0,0.68,0.680,V,0.291,OK,3.22
135.0,3.22,3.220,V,0.358,OK,3.22
136.0,28.26,28.26,V,0.293,OK,18.88
137.0,18.88,18.88,V,0.307,OK,18.88
138.0,5.082,5.082,V,0.318,OK,18.88
139.0,30.82,30.82,V,0.288,OK,28.86
140.0,28.86,28.86,V,0.333,OK,28.86
141.0,80.26,80.26,V,0.278,OK,15.87
142.0,2.88,2.880,V,0.24,OK,15.87
143.0,20.86,20.86,V,0.215,OK,20.86
144.0,28.86,28.86,V,0.288,OK,20.86
145.0,9.82,9.820,V,0.382,OK,9.82
146.0,0.82,0.820,V,0.309,OK,0.88
147.0,0.88,0.880,V,0.317,OK,0.88
148.0,3.68,3.680,V,0.264,OK,3.68
149.0,28.86,28.86,V,0.233,OK,3.68
150.0,0.969,0.969,V,0.275,OK,8.88
151.0,8.88,8.880,V,0.291,OK,3.68
152.0,3.68,3.680,V,0.381,OK,8.88
153.0,38.8,38.80,V,0.328,OK,3.68
154.0,3.0,3.,V,0.324,OK,3.0
155.0,1.0,1.,V,0.499,OK,3.0
156.0,6.11,6.11,V,0.414,OK,6.11
157.0,8.82,8.82,V,0.322,OK,6.882
158.0,6.882,6.882,V,0.258,OK,6.882
159.0,5.0,5.,V,0.393,OK,5.0
160.0,-0.666,-.666,V,0.309,OK,5.0
161.0,8.22,8.22,V,0.207,OK,6.0
162.0,6.0,6.,V,0.219,OK,6.0
163.0,0.886,0.886,V,0.188,LOW_CONFIDENCE,2.822
164.0,2.822,2.822,V,0.226,OK,2.822
165.0,5.0,5.,V,0.378,OK,5.0
166.0,5.6,5.6,V,0.229,OK,5.0
167.0,-0.866,-.866,V,0.361,OK,5.6
168.0,5.6,5.6,V,0.212,OK,5.6
169.0,6.0,6.,V,0.309,OK,6.0
170.0,6.0,6.,V,0.272,OK,6.0
171.0,2.886,2.886,V,0.331,OK,2.886
172.0,0.686,0.686,V,0.167,LOW_CONFIDENCE,0.822
173.0,0.822,0.822,V,0.198,LOW_CONFIDENCE,0.822
174.0,5.0,5.,V,0.35,OK,3.666
175.0,3.666,3.666,V,0.165,LOW_CONFIDENCE,3.666
176.0,2.888,2.888,V,0.315,OK,2.888
177.0,2.1,2.1,V,0.333,OK,2.1
178.0,0.6,0.600,V,0.265,OK,2.1
179.0,3.82,3.820,V,0.298,OK,3.82
180.0,8.0,8.,V,0.215,OK,3.82
181.0,2.666,2.666,V,0.131,LOW_CONFIDENCE,8.0
182.0,9.666,9.666,V,0.234,OK,9.666
183.0,9.666,9.666,V,0.237,OK,9.666
184.0,8.1,8.1,V,0.419,OK,8.1
185.0,8.1,8.1,V,0.397,OK,8.1
186.0,3.666,3.666,V,0.209,OK,3.666
187.0,2.688,2.688,V,0.393,OK,2.828
188.0,2.828,2.828,V,0.25,OK,2.828
189.0,3.666,3.666,V,0.207,OK,3.666
190.0,6.0,6.,V,0.262,OK,6.0
191.0,8.0,8.,V,0.18,LOW_CONFIDENCE,6.1
192.0,6.1,6.1,V,0.35,OK,8.0
193.0,8.0,8.,V,0.372,OK,6.925
194.0,6.925,6.925,V,0.343,OK,6.925
195.0,6.0,6.,V,0.267,OK,6.0
196.0,2.666,2.666,V,0.188,LOW_CONFIDENCE,2.666
197.0,2.666,2.666,V,0.215,OK,2.666
198.0,8.0,8.,V,0.426,OK,2.666
199.0,2.66,2.660,V,0.289,OK,2.66
200.0,0.026,0.026,V,0.299,OK,2.66
201.0,3.688,3.688,V,0.24,OK,3.688
202.0,8.666,8.666,V,0.225,OK,3.688
203.0,2.666,2.666,V,0.212,OK,8.1
204.0,8.1,8.1,V,0.307,OK,7.05
205.0,,8.-6,V,0.303,OK,7.05
206.0,6.0,6.,V,0.274,OK,6.882
207.0,6.882,6.882,V,0.353,OK,6.0
208.0,0.886,0.886,V,0.318,OK,2.882
209.0,2.882,2.882,V,0.325,OK,2.882
210.0,8.886,8.886,V,0.27,OK,6.886
211.0,6.886,6.886,V,0.257,OK,6.886
212.0,4.882,4.882,V,0.309,OK,4.882
213.0,0.228,0.228,V,0.151,LOW_CONFIDENCE,0.289
214.0,0.289,0.289,V,0.271,OK,0.289
215.0,0.869,0.869,V,0.232,OK,0.869
216.0,0.889,0.889,V,0.207,OK,0.889
217.0,9.666,9.666,V,0.231,OK,8.666
218.0,8.666,8.666,V,0.228,OK,8.666
219.0,8.466,8.466,V,0.165,LOW_CONFIDENCE,8.466
220.0,8.0,8.,V,0.448,OK,8.0
221.0,6.2,6.2,V,0.241,OK,6.2
222.0,2.0,2.,V,0.265,OK,6.2
223.0,9.26,9.260,V,0.246,OK,2.68
224.0,2.68,2.680,V,0.234,OK,8.0
225.0,8.0,8.,V,0.196,LOW_CONFIDENCE,6.0
226.0,6.0,6.,V,0.28,OK,8.0
227.0,8.0,8.,V,0.212,OK,6.0
228.0,6.0,6.,V,0.296,OK,6.0
229.0,5.0,5.,V,0.372,OK,6.0
230.0,6.1,6.1,V,0.381,OK,5.0
231.0,2.1,2.1,V,0.356,OK,4.0
232.0,4.0,4.,V,0.369,OK,4.0
233.0,8.1,8.1,V,0.379,OK,5.0
234.0,5.0,5.,V,0.355,OK,5.0
235.0,4.0,4.,V,0.37,OK,5.0
236.0,5.0,5.,V,0.33,OK,5.0
237.0,6.1,6.1,V,0.349,OK,5.0
238.0,2.1,2.1,V,0.364,OK,2.1
239.0,2.1,2.1,V,0.375,OK,2.1
240.0,2.0,2.,V,0.087,LOW_CONFIDENCE,2.1
241.0,6.882,6.882,V,0.291,OK,3.666
242.0,3.666,3.666,V,0.212,OK,3.666
243.0,3.666,3.666,V,0.208,OK,3.666
244.0,3.666,3.666,V,0.212,OK,3.666
245.0,6.668,6.668,V,0.229,OK,6.668
246.0,22.86,22.86,V,0.29,OK,22.86
247.0,28.62,28.62,V,0.192,LOW_CONFIDENCE,22.86
248.0,8.088,8.088,V,0.332,OK,8.088
249.0,0.22,0.22,V,0.252,OK,8.088
250.0,19.8,19.80,V,0.296,OK,3.52
251.0,3.52,3.520,V,0.335,OK,5.83
252.0,5.83,5.830,V,0.288,OK,3.52
253.0,2.868,2.868,V,0.302,OK,4.666
254.0,4.666,4.666,V,0.252,OK,4.666
255.0,4.666,4.666,V,0.308,OK,4.666
256.0,4.666,4.666,V,0.276,OK,4.666
257.0,3.666,3.666,V,0.153,LOW_CONFIDENCE,4.666
258.0,5.0,5.,V,0.363,OK,5.0
259.0,5.0,5.,V,0.372,OK,5.0
260.0,3.0,3.,V,0.324,OK,5.0
261.0,5.0,5.,V,0.345,OK,3.0
262.0,0.0,0.,V,0.253,OK,2.0
263.0,2.0,2.,V,0.372,OK,2.0
264.0,8.029,8.029,V,0.27,OK,8.029
265.0,9.68,9.680,V,0.359,OK,8.029
266.0,2.0,2.,V,0.261,OK,2.0
267.0,0.882,0.882,V,0.322,OK,2.0
268.0,28.86,28.86,V,0.29,OK,2.666
269.0,2.666,2.666,V,0.18,LOW_CONFIDENCE,8.866
270.0,8.866,8.866,V,0.203,OK,8.266
271.0,8.266,8.266,V,0.171,LOW_CONFIDENCE,8.666
272.0,8.666,8.666,V,0.237,OK,8.266
273.0,2.1,2.1,V,0.345,OK,2.682
274.0,2.682,2.682,V,0.387,OK,2.1
275.0,0.286,0.286,V,0.265,OK,2.222
276.0,2.222,2.222,V,0.258,OK,2.222
277.0,3.88,3.880,V,0.346,OK,3.68
278.0,3.68,3.680,V,0.368,OK,3.88
279.0,9.26,9.260,V,0.312,OK,9.26
280.0,28.82,28.82,V,0.289,OK,9.26
281.0,8.282,8.282,V,0.294,OK,8.282
282.0,6.662,6.662,V,0.111,LOW_CONFIDENCE,6.662
283.0,6.624,6.624,V,0.145,LOW_CONFIDENCE,6.624
284.0,1.6,1.6,V,0.309,OK,6.6
285.0,6.6,6.6,V,0.045,LOW_CONFIDENCE,6.6
286.0,6.61,6.61,V,0.158,LOW_CONFIDENCE,6.6
287.0,6.0,6.,V,0.061,LOW_CONFIDENCE,6.0
288.0,,,V,0.0,LOW_CONFIDENCE,3.5
289.0,1.0,1.,V,0.587,OK,1.0
290.0,71.0,71,V,0.452,OK,1.0
291.0,1.0,1.,V,0.549,OK,1.0
292.0,,,V,0.0,LOW_CONFIDENCE,0.8
293.0,,,V,0.0,LOW_CONFIDENCE,0.6
294.0,,,V,0.0,LOW_CONFIDENCE,0.39999999999999997
295.0,,,V,0.0,LOW_CONFIDENCE,0.19999999999999996
296.0,0.0,0,V,0.218,OK,0.06966666666666667
297.0,,,V,0.0,LOW_CONFIDENCE,0.06966666666666667
298.0,,,V,0.0,LOW_CONFIDENCE,0.13933333333333334
299.0,0.209,0.209,V,0.332,OK,0.209
300.0,9.809,9.809,V,0.345,OK,9.809
301.0,9.809,9.809,V,0.327,OK,9.809
302.0,9.899,9.899,V,0.387,OK,9.809
303.0,6.0,6.,V,0.427,OK,6.0
304.0,77.0,77,V,0.33,OK,3.1
305.0,0.2,0.2,V,0.19,LOW_CONFIDENCE,0.2
306.0,0.0,0.,V,0.039,LOW_CONFIDENCE,0.2
307.0,,,V,0.0,LOW_CONFIDENCE,4.144
308.0,8.288,8.288,V,0.271,OK,4.144
309.0,0.0,0.,V,0.064,LOW_CONFIDENCE,0.472
310.0,,,V,0.0,LOW_CONFIDENCE,0.472
311.0,,,V,0.0,LOW_CONFIDENCE,0.944
312.0,,,V,0.0,LOW_CONFIDENCE,1.416
313.0,1.888,1.888,V,0.246,OK,1.888
314.0,6.948,6.948,V,0.34,OK,6.948
315.0,8.888,8.888,V,0.408,OK,8.888
316.0,8.888,8.888,V,0.415,OK,8.888
317.0,2.958,2.958,V,0.286,OK,2.958
318.0,0.288,0.288,V,0.405,OK,2.958
319.0,6.928,6.928,V,0.185,LOW_CONFIDENCE,6.928
320.0,8.888,8.888,V,0.417,OK,8.888
321.0,9.809,9.809,V,0.347,OK,9.809
322.0,9.809,9.809,V,0.382,OK,9.809
323.0,9.809,9.809,V,0.381,OK,9.809
324.0,8.888,8.888,V,0.412,OK,8.888
325.0,6.0,6.,V,0.237,OK,6.0
326.0,1.0,1,V,0.388,OK,6.0
327.0,9.888,9.888,V,0.454,OK,7.0
328.0,7.0,7,V,0.488,OK,7.0
329.0,7.0,7,V,0.488,OK,7.0
330.0,0.228,0.228,V,0.177,LOW_CONFIDENCE,1.0
331.0,1.0,1,V,0.381,OK,1.0
332.0,6.588,6.588,V,0.225,OK,4.739
333.0,,,V,0.686,LOW_CONFIDENCE,4.739
334.0,2.89,2.89,V,0.384,OK,2.89
335.0,1.0,1.,V,0.52,OK,2.89
336.0,8.888,8.888,V,0.222,OK,1.928
337.0,1.928,1.928,V,0.399,OK,3.888
338.0,3.888,3.888,V,0.369,OK,1.928
339.0,1.838,1.838,V,0.419,OK,3.888
340.0,8.862,8.862,V,0.279,OK,8.862
341.0,8.882,8.882,V,0.357,OK,8.862
342.0,2.48,2.48,V,0.242,OK,2.49
343.0,2.49,2.49,V,0.351,OK,2.48
344.0,,-.,V,0.678,OK,1.9933333333333334
345.0,,-.,V,0.676,OK,1.4966666666666666
346.0,1.0,1.,V,0.375,OK,1.4966666666666666
347.0,,-.,V,0.647,OK,1.75
348.0,290.2,290.2,V,0.167,LOW_CONFIDENCE,2.5
349.0,,,V,0.844,LOW_CONFIDENCE,3.25
350.0,4.0,4.,V,0.433,OK,4.0
351.0,4.0,4.,V,0.428,OK,4.0
352.0,4.0,4,V,0.418,OK,4.0
353.0,29.02,29.02,V,0.195,LOW_CONFIDENCE,25.017142857142858
354.0,270.2,270.2,V,0.282,OK,25.017142857142858
355.0,,-.,V,0.646,OK,21.014285714285712
356.0,,-.,V,0.671,OK,17.01142857142857
357.0,,-.,V,0.692,OK,13.008571428571429
358.0,,,V,0.687,LOW_CONFIDENCE,9.005714285714287
359.0,,-.,V,0.679,OK,9.005714285714287
360.0,1.0,1.,V,0.373,OK,4.6
361.0,,-.,V,0.661,OK,4.6
362.0,8.2,8.2,V,0.23,OK,4.6
363.0,1.0,1.,V,0.509,OK,1.0
364.0,1.0,1,V,0.374,OK,1.0
365.0,,-.,V,0.693,OK,0.9626666666666667
366.0,,,V,0.709,LOW_CONFIDENCE,0.9253333333333333
367.0,0.888,0.888,V,0.205,OK,0.9253333333333333
368.0,42.02,42.02,V,0.278,OK,8.554
369.0,16.22,16.22,V,0.201,OK,13.0
370.0,13.0,13.,V,0.336,OK,13.0
371.0,62.8,62.8,V,0.241,OK,10.981333333333334
372.0,,-.,V,0.646,OK,8.962666666666667
373.0,,-.,V,0.656,OK,6.943999999999999
374.0,,-.,V,0.652,OK,4.925333333333333
375.0,,-.,V,0.651,OK,2.906666666666666
376.0,0.888,0.888,V,0.408,OK,2.906666666666666
377.0,9.98,9.98,V,0.336,OK,6.688
378.0,6.688,6.688,V,0.198,LOW_CONFIDENCE,6.688
379.0,49.82,49.82,V,0.326,OK,6.125333333333333
380.0,,,V,0.668,LOW_CONFIDENCE,5.562666666666667
381.0,5.0,5,V,0.274,OK,5.562666666666667
382.0,,,V,0.646,LOW_CONFIDENCE,6.333333333333333
383.0,,,V,0.66,LOW_CONFIDENCE,7.666666666666666
384.0,9.0,9,V,0.355,OK,7.666666666666666
385.0,,,V,0.708,LOW_CONFIDENCE,6.333333333333334
386.0,-7.82,-7.82,V,0.363,OK,3.666666666666667
387.0,1.0,1,V,0.388,OK,2.1804
388.0,,,V,0.0,LOW_CONFIDENCE,2.1804
389.0,,,V,0.677,LOW_CONFIDENCE,3.3608000000000002
390.0,,,V,0.68,LOW_CONFIDENCE,4.5412
391.0,,,V,0.689,LOW_CONFIDENCE,5.7216000000000005
392.0,6.902,6.902,V,0.234,OK,6.902
393.0,19.08,19.08,V,0.292,OK,16.52
394.0,,,V,0.703,LOW_CONFIDENCE,16.52
395.0,,,V,0.702,LOW_CONFIDENCE,13.959999999999999
396.0,,,V,0.695,LOW_CONFIDENCE,11.399999999999999
397.0,96.8,096.8,V,0.25,OK,8.84
398.0,6.28,6.28,V,0.252,OK,6.28
399.0,,,V,0.702,LOW_CONFIDENCE,4.964
400.0,3.648,3.648,V,0.35,OK,4.0
401.0,4.0,4.,V,0.414,OK,3.648
402.0,1.0,1,V,0.59,OK,1.266
403.0,73.0,73.,V,0.307,OK,1.266
404.0,1.532,1.532,V,0.324,OK,1.399
405.0,75.0,75.,V,0.338,OK,1.399
406.0,76.0,76.,V,0.251,OK,1.266
407.0,,-.,V,0.479,OK,1.133
408.0,1.0,1.,V,0.38,OK,1.133
409.0,,-.,V,0.685,OK,4.949
410.0,8.898,8.898,V,0.253,OK,4.949
411.0,,,V,0.0,LOW_CONFIDENCE,4.949
412.0,1.0,1.,V,0.361,OK,1.0
413.0,1.0,1.,V,0.356,OK,1.0
414.0,3.282,3.282,V,0.152,LOW_CONFIDENCE,1.0
415.0,1.0,1,V,0.557,OK,3.282
416.0,7.0,7,V,0.326,OK,6.4
417.0,71.0,71.,V,0.328,OK,6.4
418.0,,-.,V,0.633,OK,5.8
419.0,,7-.,V,0.556,OK,5.2
420.0,,7-.,V,0.548,OK,4.6
421.0,4.0,4.,V,0.405,OK,4.0
422.0,,-.,V,0.641,OK,3.0
423.0,71.0,71.,V,0.413,OK,2.0
424.0,1.0,1,V,0.59,OK,2.0
425.0,71.0,71.,V,0.416,OK,3.194
426.0,5.388,5.388,V,0.314,OK,3.194
427.0,1.0,1,V,0.563,OK,1.0
428.0,1.0,1,V,0.569,OK,1.0
429.0,71.0,71.,V,0.411,OK,6.0
430.0,11.0,11.,V,0.458,OK,6.502
431.0,6.502,6.502,V,0.191,LOW_CONFIDENCE,8.888
432.0,8.888,8.888,V,0.412,OK,8.888
433.0,8.888,8.888,V,0.419,OK,8.888
434.0,8.082,8.082,V,0.234,OK,8.888
435.0,29.82,29.82,V,0.246,OK,8.082
436.0,0.888,0.888,V,0.385,OK,4.884
437.0,807.2,807.2,V,0.239,OK,4.884
438.0,8.88,8.88,V,0.371,OK,8.861
439.0,,,V,0.0,LOW_CONFIDENCE,8.861
440.0,,,V,0.0,LOW_CONFIDENCE,8.842
441.0,8.823,8.823,V,0.372,OK,8.823
442.0,236.6,236.6,V,0.206,OK,4.857
443.0,0.891,0.891,V,0.53,OK,0.891
444.0,0.288,0.288,V,0.211,OK,0.891
445.0,238.6,238.6,V,0.287,OK,1.4440000000000002
446.0,2.6,2.6,V,0.107,LOW_CONFIDENCE,2.0
447.0,2.0,2.,V,0.119,LOW_CONFIDENCE,2.0
448.0,2.0,2.,V,0.098,LOW_CONFIDENCE,2.0
449.0,1.5,1.5,V,0.391,OK,2.0
450.0,8.863,8.863,V,0.309,OK,2.5
451.0,2.5,2.5,V,0.238,OK,3.3776
452.0,,,V,0.0,LOW_CONFIDENCE,3.3776
453.0,,,V,0.0,LOW_CONFIDENCE,4.2552
454.0,,,V,0.0,LOW_CONFIDENCE,5.1328
455.0,,,V,0.0,LOW_CONFIDENCE,6.0104
456.0,6.888,6.888,V,0.318,OK,6.0104
457.0,4.0,4,V,0.403,OK,5.213
458.0,,,V,0.691,LOW_CONFIDENCE,5.213
459.0,,-.,V,0.692,OK,6.426
460.0,,-.,V,0.707,OK,7.639
461.0,8.852,8.852,V,0.292,OK,7.639
462.0,0.2,0.200,V,0.305,OK,1.646666666666667
463.0,,,V,0.0,LOW_CONFIDENCE,1.646666666666667
464.0,52.0,52,V,0.203,OK,3.093333333333334
465.0,,-.,V,0.678,OK,4.540000000000001
466.0,,,V,0.693,LOW_CONFIDENCE,5.986666666666668
467.0,,-.,V,0.687,OK,7.433333333333335
468.0,8.88,8.88,V,0.289,OK,8.88
469.0,8.88,8.88,V,0.392,OK,8.88
470.0,,,V,0.0,LOW_CONFIDENCE,4.94
471.0,1.0,1,V,0.39,OK,4.94
472.0,8.83,8.83,V,0.315,OK,8.83
473.0,8.88,8.88,V,0.378,OK,8.83
474.0,0.808,0.808,V,0.251,OK,3.288
475.0,3.288,3.288,V,0.42,OK,3.288
476.0,,,V,0.0,LOW_CONFIDENCE,3.488
477.0,3.688,3.688,V,0.335,OK,3.488
478.0,1.838,1.838,V,0.371,OK,3.688
479.0,4.828,4.828,V,0.284,OK,3.3280000000000003
480.0,,-.,V,0.655,OK,3.3280000000000003
481.0,1.828,1.828,V,0.38,OK,1.828
482.0,1.828,1.828,V,0.323,OK,1.828
483.0,1.818,1.818,V,0.376,OK,1.828
484.0,-9.98,-9.98,V,0.421,OK,2.4153333333333333
485.0,-8.28,-8.28,V,0.347,OK,3.0126666666666666
486.0,3.61,3.61,V,0.24,OK,3.0126666666666666
487.0,0.0,0.,V,0.202,OK,3.61
488.0,28.88,28.88,V,0.286,OK,5.0
489.0,5.0,5.,V,0.388,OK,5.5
490.0,5.5,5.5,V,0.262,OK,5.0
491.0,2.0,2.,V,0.135,LOW_CONFIDENCE,2.6
492.0,2.6,2.6,V,0.191,LOW_CONFIDENCE,2.6
493.0,9.592,9.592,V,0.326,OK,4.032
494.0,4.032,4.032,V,0.351,OK,6.18
495.0,6.18,6.180,V,0.262,OK,4.032
496.0,2.28,2.28,V,0.184,LOW_CONFIDENCE,6.18
497.0,7.161,7.161,V,0.352,OK,3.078
498.0,3.078,3.078,V,0.218,OK,3.288
499.0,3.288,3.288,V,0.287,OK,3.288
500.0,,6.-29,V,0.348,OK,3.888
501.0,,-.,V,0.684,OK,4.4879999999999995
502.0,,-.,V,0.681,OK,5.088
503.0,,,V,0.0,LOW_CONFIDENCE,5.688
504.0,49.28,49.28,V,0.339,OK,6.287999999999999
505.0,6.888,6.888,V,0.251,OK,6.287999999999999
506.0,,,V,0.677,LOW_CONFIDENCE,4.577999999999999
507.0,2.268,2.268,V,0.217,OK,4.577999999999999
508.0,6.388,6.388,V,0.296,OK,2.268
509.0,1.0,1.,V,0.336,OK,1.88
510.0,1.88,1.88,V,0.367,OK,1.88
511.0,53.0,53.,V,0.106,LOW_CONFIDENCE,3.0199999999999996
512.0,73.0,73.,V,0.279,OK,4.16
513.0,5.3,5.3,V,0.12,LOW_CONFIDENCE,5.0
514.0,5.0,05.,V,0.155,LOW_CONFIDENCE,5.0
515.0,0.0,0.,V,0.078,LOW_CONFIDENCE,0.6445
516.0,,,V,0.63,LOW_CONFIDENCE,0.6445
517.0,1.289,1.289,V,0.332,OK,1.289
518.0,5.5,5.5,V,0.264,OK,5.0
519.0,5.0,5.,V,0.339,OK,5.0
520.0,2.5,2.5,V,0.251,OK,2.6188000000000002
521.0,,,V,0.836,LOW_CONFIDENCE,2.6188000000000002
522.0,,,V,0.833,LOW_CONFIDENCE,2.7376
523.0,,,V,0.0,LOW_CONFIDENCE,2.8564
524.0,,,V,0.0,LOW_CONFIDENCE,2.9752
525.0,,,V,0.0,LOW_CONFIDENCE,3.0940000000000003
526.0,,,V,0.0,LOW_CONFIDENCE,3.0940000000000003
527.0,,,V,0.0,LOW_CONFIDENCE,3.0940000000000003
528.0,,,V,0.0,LOW_CONFIDENCE,3.0940000000000003
529.0,,,V,0.0,LOW_CONFIDENCE,3.0940000000000003
530.0,3.688,3.688,V,0.32,OK,3.3040000000000003
531.0,,,V,0.0,LOW_CONFIDENCE,3.3040000000000003
532.0,,,V,0.0,LOW_CONFIDENCE,2.92
533.0,,,V,0.0,LOW_CONFIDENCE,2.536
534.0,,,V,0.0,LOW_CONFIDENCE,2.152
535.0,,,V,0.0,LOW_CONFIDENCE,1.7680000000000002
536.0,,,V,0.0,LOW_CONFIDENCE,1.7680000000000002
537.0,1.0,1,V,0.296,OK,1.0
538.0,,,V,0.0,LOW_CONFIDENCE,1.0
539.0,,,V,0.0,LOW_CONFIDENCE,1.0
540.0,,,V,0.0,LOW_CONFIDENCE,1.0
541.0,,,V,0.0,LOW_CONFIDENCE,1.0
542.0,,,V,0.0,LOW_CONFIDENCE,1.0
543.0,1.0,1.,V,0.594,OK,1.0
544.0,,,V,0.703,LOW_CONFIDENCE,2.0
545.0,3.0,3.,V,0.114,LOW_CONFIDENCE,3.0
546.0,,,V,0.0,LOW_CONFIDENCE,15.64
547.0,28.28,28.28,V,0.207,OK,15.64
548.0,3.828,3.828,V,0.35,OK,3.828
549.0,,,V,0.0,LOW_CONFIDENCE,3.6517272727272725
550.0,,,V,0.0,LOW_CONFIDENCE,3.4754545454545456
551.0,,,V,0.0,LOW_CONFIDENCE,3.299181818181818
552.0,,,V,0.0,LOW_CONFIDENCE,3.122909090909091
553.0,,,V,0.0,LOW_CONFIDENCE,2.9466363636363635
554.0,,,V,0.0,LOW_CONFIDENCE,2.9466363636363635
555.0,,,V,0.0,LOW_CONFIDENCE,2.9466363636363635
556.0,,,V,0.451,LOW_CONFIDENCE,2.9466363636363635
557.0,,,V,0.0,LOW_CONFIDENCE,2.9466363636363635
558.0,,,V,0.0,LOW_CONFIDENCE,2.9466363636363635
559.0,1.889,1.889,V,0.38,OK,2.9466363636363635
560.0,8.09,8.09,V,0.294,OK,2.88
561.0,2.88,2.88,V,0.366,OK,2.88
562.0,,,V,0.0,LOW_CONFIDENCE,2.611428571428571
563.0,,,V,0.0,LOW_CONFIDENCE,2.3428571428571425
564.0,,,V,0.0,LOW_CONFIDENCE,2.0742857142857143
565.0,,,V,0.0,LOW_CONFIDENCE,1.8057142857142856
566.0,,,V,0.0,LOW_CONFIDENCE,1.537142857142857
567.0,,,V,0.0,LOW_CONFIDENCE,1.537142857142857
568.0,1.0,1.,V,0.585,OK,1.0
569.0,1.0,1.,V,0.569,OK,1.0
570.0,,,V,0.0,LOW_CONFIDENCE,2.602666666666667
571.0,,,V,0.0,LOW_CONFIDENCE,4.205333333333334
572.0,5.808,5.808,V,0.312,OK,4.205333333333334
573.0,1.0,1.,V,0.587,OK,2.82
574.0,2.82,2.82,V,0.346,OK,1.0
575.0,0.828,0.828,V,0.396,OK,2.82
576.0,-5.02,-5.02,V,0.318,OK,4.856000000000001
577.0,8.884,8.884,V,0.373,OK,8.884
578.0,8.888,8.888,V,0.377,OK,8.884
579.0,8.884,8.884,V,0.343,OK,8.886
580.0,8.886,8.886,V,0.3,OK,8.886
581.0,8.888,8.888,V,0.268,OK,8.886
582.0,0.89,0.89,V,0.445,OK,8.822
583.0,8.822,8.822,V,0.277,OK,6.0
584.0,6.0,6.,V,0.267,OK,6.0
585.0,6.0,6.,V,0.246,OK,6.0
586.0,6.0,6.,V,0.251,OK,6.0
587.0,8.886,8.886,V,0.324,OK,8.886
588.0,8.886,8.886,V,0.33,OK,8.886
589.0,1.61,1.61,V,0.338,OK,8.886
590.0,8.888,8.888,V,0.306,OK,8.886
591.0,8.886,8.886,V,0.328,OK,8.886
592.0,2.6,2.6,V,0.174,LOW_CONFIDENCE,5.0
593.0,5.0,5.,V,0.368,OK,2.6
594.0,2.6,2.6,V,0.171,LOW_CONFIDENCE,5.0
595.0,8.886,8.886,V,0.342,OK,2.6
596.0,1.6,1.6,V,0.418,OK,1.6
597.0,1.6,1.6,V,0.413,OK,1.6
598.0,7.6,7.6,V,0.354,OK,6.0
599.0,6.0,6.,V,0.261,OK,6.0
600.0,1.61,1.61,V,0.337,OK,5.0
601.0,5.0,5.,V,0.387,OK,5.0
602.0,5.3,5.3,V,0.121,LOW_CONFIDENCE,5.0
603.0,88.0,88,V,0.346,OK,3.8666666666666663
604.0,80.42,80.42,V,0.134,LOW_CONFIDENCE,2.433333333333333
605.0,1.0,1,V,0.36,OK,1.285
606.0,1.285,1.285,V,0.365,OK,1.285
607.0,8.5,8.5,V,0.141,LOW_CONFIDENCE,8.494
608.0,,-.,V,0.827,OK,8.494
609.0,,,V,0.0,LOW_CONFIDENCE,8.488
610.0,8.482,8.482,V,0.36,OK,8.488
611.0,777.0,777,V,0.423,OK,8.583499999999999
612.0,,,V,0.0,LOW_CONFIDENCE,8.684999999999999
613.0,-98.0,-98,V,0.447,OK,8.7865
614.0,8.888,8.888,V,0.365,OK,8.888
615.0,,,V,0.0,LOW_CONFIDENCE,8.8905
616.0,,,V,0.0,LOW_CONFIDENCE,8.893
617.0,,,V,0.0,LOW_CONFIDENCE,8.8955
618.0,8.898,8.898,V,0.391,OK,8.8955
619.0,8.289,8.289,V,0.345,OK,8.289
620.0,8.228,8.228,V,0.363,OK,8.289
621.0,,,V,0.0,LOW_CONFIDENCE,8.448
622.0,,,V,0.0,LOW_CONFIDENCE,8.668
623.0,8.888,8.888,V,0.381,OK,8.668
624.0,2.188,2.188,V,0.402,OK,2.889
625.0,2.889,2.889,V,0.355,OK,2.889
626.0,19.86,19.86,V,0.282,OK,8.888
627.0,8.888,8.888,V,0.397,OK,8.888
628.0,1.886,1.886,V,0.404,OK,6.66
629.0,6.66,6.66,V,0.219,OK,6.66
630.0,8.888,8.888,V,0.385,OK,8.491333333333333
631.0,,,V,0.0,LOW_CONFIDENCE,8.491333333333333
632.0,,,V,0.0,LOW_CONFIDENCE,8.094666666666667
633.0,7.698,7.698,V,0.297,OK,7.698
634.0,4.283,4.283,V,0.315,OK,7.384
635.0,7.384,7.384,V,0.353,OK,6.308
636.0,,,V,0.0,LOW_CONFIDENCE,6.308
637.0,,,V,0.0,LOW_CONFIDENCE,5.232
638.0,,,V,0.0,LOW_CONFIDENCE,4.156000000000001
639.0,3.08,3.08,V,0.457,OK,3.08
640.0,1.288,1.288,V,0.374,OK,1.288
641.0,,,V,0.0,LOW_CONFIDENCE,1.1840000000000002
642.0,1.08,1.08,V,0.405,OK,1.1840000000000002
643.0,,,V,0.0,LOW_CONFIDENCE,10.08
644.0,19.08,19.08,V,0.425,OK,13.016666666666666
645.0,,,V,0.0,LOW_CONFIDENCE,13.016666666666666
646.0,,,V,0.0,LOW_CONFIDENCE,6.953333333333333
647.0,0.89,00.89,V,0.252,OK,0.89
648.0,0.888,0.888,V,0.307,OK,0.89
649.0,6.6,6.6,V,0.204,OK,1.26
650.0,1.26,1.26,V,0.305,OK,1.66
651.0,1.66,1.66,V,0.268,OK,1.46
652.0,,,V,0.0,LOW_CONFIDENCE,1.46
653.0,1.26,1.26,V,0.315,OK,1.46
654.0,6.888,6.888,V,0.316,OK,6.228
655.0,,,V,0.0,LOW_CONFIDENCE,6.228
656.0,,,V,0.0,LOW_CONFIDENCE,5.568
657.0,,,V,0.0,LOW_CONFIDENCE,4.908
658.0,4.248,4.248,V,0.366,OK,4.248
659.0,0.6,0.6,V,0.138,LOW_CONFIDENCE,2.88
660.0,2.88,2.88,V,0.394,OK,1.888
661.0,1.888,1.888,V,0.387,OK,2.88
662.0,2.88,2.88,V,0.398,OK,2.88
663.0,2.88,2.88,V,0.4,OK,2.88
664.0,,,V,0.0,LOW_CONFIDENCE,2.41
665.0,,,V,0.0,LOW_CONFIDENCE,1.94
666.0,,,V,0.0,LOW_CONFIDENCE,1.47
667.0,1.0,1.,V,0.314,OK,1.47
668.0,,,V,0.0,LOW_CONFIDENCE,2.5
669.0,,,V,0.0,LOW_CONFIDENCE,4.0
670.0,,,V,0.0,LOW_CONFIDENCE,5.5
671.0,7.0,7,V,0.488,OK,5.5
672.0,,,V,0.0,LOW_CONFIDENCE,3.949
673.0,0.898,0.898,V,0.332,OK,3.949
674.0,5.368,5.368,V,0.395,OK,2.99
675.0,2.99,2.99,V,0.343,OK,2.99
676.0,,,V,0.0,LOW_CONFIDENCE,2.4090000000000003
677.0,1.828,1.828,V,0.332,OK,2.4090000000000003
678.0,8.38,8.38,V,0.363,OK,8.38
679.0,,,V,0.0,LOW_CONFIDENCE,8.385882352941177
680.0,,,V,0.0,LOW_CONFIDENCE,8.391764705882354
681.0,,,V,0.0,LOW_CONFIDENCE,8.39764705882353
682.0,,,V,0.0,LOW_CONFIDENCE,8.403529411764707
683.0,,,V,0.0,LOW_CONFIDENCE,8.409411764705883
684.0,,,V,0.0,LOW_CONFIDENCE,8.409411764705883
685.0,,,V,0.0,LOW_CONFIDENCE,8.409411764705883
686.0,,,V,0.0,LOW_CONFIDENCE,8.409411764705883
687.0,,,V,0.0,LOW_CONFIDENCE,8.409411764705883
688.0,,,V,0.0,LOW_CONFIDENCE,8.409411764705883
689.0,,,V,0.0,LOW_CONFIDENCE,8.409411764705883
690.0,,,V,0.0,LOW_CONFIDENCE,8.409411764705883
691.0,,,V,0.0,LOW_CONFIDENCE,8.409411764705883
692.0,,,V,0.0,LOW_CONFIDENCE,8.409411764705883
693.0,,,V,0.0,LOW_CONFIDENCE,8.409411764705883
694.0,,,V,0.0,LOW_CONFIDENCE,8.409411764705883
695.0,8.48,8.48,V,0.308,OK,8.409411764705883
696.0,8.18,8.18,V,0.365,OK,8.18
697.0,,,V,0.0,LOW_CONFIDENCE,5.734
698.0,3.288,3.288,V,0.422,OK,3.838
699.0,3.838,3.838,V,0.332,OK,3.288
700.0,1.0,1.,V,0.536,OK,1.0
701.0,1.0,1.,V,0.563,OK,1.0
702.0,0.088,0.088,V,0.381,OK,1.0
703.0,1.0,1.,V,0.58,OK,1.0
704.0,,,V,0.0,LOW_CONFIDENCE,1.0
705.0,1.0,1.,V,0.384,OK,1.0
706.0,,,V,0.0,LOW_CONFIDENCE,0.944
707.0,0.888,0.888,V,0.316,OK,0.944
708.0,,,V,0.69,LOW_CONFIDENCE,0.944
709.0,1.0,1.,V,0.578,OK,1.0
710.0,25.28,25.28,V,0.311,OK,25.28
711.0,28.08,28.08,V,0.301,OK,25.28
712.0,,,V,0.0,LOW_CONFIDENCE,24.695
713.0,,,V,0.0,LOW_CONFIDENCE,21.31
714.0,,,V,0.0,LOW_CONFIDENCE,17.924999999999997
715.0,,,V,0.0,LOW_CONFIDENCE,14.54
716.0,,,V,0.0,LOW_CONFIDENCE,11.155
717.0,,,V,0.0,LOW_CONFIDENCE,11.155
718.0,,,V,0.0,LOW_CONFIDENCE,11.155
719.0,1.0,1.,V,0.385,OK,1.0
720.0,,,V,0.0,LOW_CONFIDENCE,1.0
721.0,,,V,0.0,LOW_CONFIDENCE,1.0
722.0,1.0,1.,V,0.376,OK,1.0
723.0,,,V,0.0,LOW_CONFIDENCE,1.0
724.0,1.0,1,V,0.558,OK,1.0
725.0,1.0,1.,V,0.586,OK,1.0
726.0,,,V,0.0,LOW_CONFIDENCE,1.0307777777777778
727.0,,,V,0.0,LOW_CONFIDENCE,1.0615555555555556
728.0,,,V,0.0,LOW_CONFIDENCE,1.0923333333333334
729.0,,,V,0.0,LOW_CONFIDENCE,1.1231111111111112
730.0,,,V,0.0,LOW_CONFIDENCE,1.1538888888888887
731.0,,,V,0.0,LOW_CONFIDENCE,1.1538888888888887
732.0,,,V,0.0,LOW_CONFIDENCE,1.1538888888888887
733.0,,,V,0.0,LOW_CONFIDENCE,1.1538888888888887
734.0,1.277,1.277,V,0.281,OK,1.277
735.0,,,V,0.0,LOW_CONFIDENCE,5.1385
736.0,9.0,9,V,0.327,OK,7.4
737.0,,,V,0.446,LOW_CONFIDENCE,7.4
738.0,,,V,0.0,LOW_CONFIDENCE,5.8
739.0,,,V,0.0,LOW_CONFIDENCE,4.199999999999999
740.0,,,V,0.0,LOW_CONFIDENCE,2.5999999999999996
741.0,1.0,1,V,0.614,OK,1.6666666666666665
742.0,,,V,0.0,LOW_CONFIDENCE,1.6666666666666665
743.0,,,V,0.0,LOW_CONFIDENCE,2.333333333333333
744.0,3.0,3.0,V,0.277,OK,2.333333333333333
745.0,1.428,1.428,V,0.307,OK,3.0
746.0,16.26,16.26,V,0.257,OK,8.886
747.0,8.886,8.886,V,0.27,OK,8.886
748.0,0.896,0.896,V,0.318,OK,5.886
749.0,5.886,5.886,V,0.411,OK,5.886
750.0,16.16,16.16,V,0.406,OK,5.886
751.0,1.888,1.888,V,0.311,OK,2.64
752.0,2.64,2.640,V,0.298,OK,2.28
753.0,2.28,2.280,V,0.344,OK,2.64
754.0,4.288,4.288,V,0.3,OK,4.288
755.0,4.888,4.888,V,0.309,OK,4.888
756.0,28.8,28.8,V,0.343,OK,28.8
757.0,38.6,38.6,V,0.317,OK,28.8
758.0,0.288,0.288,V,0.225,OK,5.026
759.0,5.026,5.026,V,0.287,OK,0.288
760.0,0.128,0.128,V,0.368,OK,5.026
761.0,8.228,8.228,V,0.318,OK,8.228
762.0,8.228,8.228,V,0.335,OK,8.228
763.0,2.86,2.86,V,0.098,LOW_CONFIDENCE,2.86
764.0,45.1,45.1,V,0.258,OK,2.488
765.0,,,V,0.677,LOW_CONFIDENCE,2.1159999999999997
766.0,91.1,91.1,V,0.466,OK,1.7439999999999998
767.0,41.0,41,V,0.396,OK,1.3719999999999999
768.0,1.0,1,V,0.543,OK,1.3719999999999999
769.0,5.0,05.00,V,0.121,LOW_CONFIDENCE,3.386
770.0,3.386,3.386,V,0.253,OK,5.0
771.0,28.8,28.8,V,0.346,OK,28.6
772.0,28.6,28.6,V,0.302,OK,28.6
773.0,,,V,0.0,LOW_CONFIDENCE,14.344000000000001
774.0,0.088,0.088,V,0.208,OK,9.288
775.0,9.288,9.288,V,0.324,OK,0.888
776.0,0.888,0.888,V,0.343,OK,8.888
777.0,8.888,8.888,V,0.298,OK,7.0
778.0,7.0,7,V,0.484,OK,7.0
779.0,2.888,2.888,V,0.326,OK,4.888
780.0,4.888,4.888,V,0.264,OK,4.315
781.0,4.315,4.315,V,0.214,OK,4.315
782.0,47.2,47.2,V,0.291,OK,2.2575000000000003
783.0,0.2,0.200,V,0.124,LOW_CONFIDENCE,0.2
784.0,-3.0,-3.,V,0.363,OK,0.2
785.0,,,V,0.588,LOW_CONFIDENCE,2.995
786.0,95.0,95.00,V,0.194,LOW_CONFIDENCE,8.99
787.0,99.02,99.02,V,0.264,OK,14.985
788.0,20.98,20.98,V,0.398,OK,14.985
789.0,5.286,5.286,V,0.321,OK,5.288
790.0,5.288,5.288,V,0.255,OK,5.288
791.0,8.06,8.06,V,0.227,OK,7.848000000000001
792.0,97.7,97.7,V,0.334,OK,7.848000000000001
793.0,,7-.7,V,0.41,OK,7.636
794.0,,2-.,V,0.458,OK,7.424
795.0,,,V,0.0,LOW_CONFIDENCE,7.212
796.0,7.0,7.,V,0.469,OK,7.0
797.0,4.0,4,V,0.411,OK,4.0
798.0,1.0,1,V,0.606,OK,4.0
799.0,4.0,4,V,0.397,OK,4.0
800.0,345.0,345,V,0.279,OK,5.484999999999999
801.0,62.52,62.52,V,0.148,LOW_CONFIDENCE,6.97
802.0,149.0,149,V,0.436,OK,8.455
803.0,9.94,9.940,V,0.196,LOW_CONFIDENCE,9.94
804.0,-7.8,-7.80,V,0.28,OK,11.352
805.0,,2-9.,V,0.38,OK,12.764
806.0,60.8,60.80,V,0.119,LOW_CONFIDENCE,14.176
807.0,,,V,0.0,LOW_CONFIDENCE,15.588000000000001
808.0,17.0,17,V,0.438,OK,15.588000000000001
809.0,-0.802,-.802,V,0.322,OK,-0.802
810.0,-0.823,-.823,V,0.354,OK,-0.802
811.0,18.28,18.28,V,0.249,OK,-0.823
812.0,-0.823,-.823,V,0.359,OK,-0.822
813.0,-0.822,-.822,V,0.294,OK,-0.822
814.0,,29-.,V,0.374,OK,4.7624
815.0,48.82,48.82,V,0.261,OK,10.346800000000002
816.0,62.8,62.80,V,0.168,LOW_CONFIDENCE,15.931200000000002
817.0,47.57,47.57,V,0.368,OK,21.515600000000003
818.0,27.1,27.1,V,0.32,OK,27.1
819.0,27.1,27.1,V,0.312,OK,27.1
820.0,49.02,49.02,V,0.228,OK,21.547
821.0,89.57,89.57,V,0.356,OK,15.994
822.0,40.82,40.82,V,0.282,OK,10.440999999999999
823.0,4.888,4.888,V,0.28,OK,4.888
824.0,89.82,89.82,V,0.261,OK,4.209333333333333
825.0,89.02,89.02,V,0.232,OK,3.530666666666667
826.0,2.852,2.852,V,0.179,LOW_CONFIDENCE,2.852
827.0,2.802,2.802,V,0.238,OK,2.852
828.0,99.62,99.62,V,0.396,OK,6.394500000000001
829.0,9.987,9.987,V,0.295,OK,6.394500000000001
830.0,0.832,0.832,V,0.14,LOW_CONFIDENCE,1.7945000000000002
831.0,40.2,40.2,V,0.276,OK,1.7945000000000002
832.0,2.757,2.757,V,0.305,OK,2.757
833.0,47.27,47.27,V,0.279,OK,6.6884999999999994
834.0,10.62,10.62,V,0.242,OK,6.6884999999999994
835.0,40.62,40.62,V,0.266,OK,5.3
836.0,-0.02,-0.02,V,0.266,OK,5.3
837.0,40.0,40.00,V,0.23,OK,40.0
838.0,40.0,40.00,V,0.225,OK,40.0
839.0,,0.2-6,V,0.302,OK,21.0
840.0,2.0,2,V,0.302,OK,7.9
841.0,7.9,7.9,V,0.419,OK,7.9
842.0,955.1,955.1,V,0.325,OK,12.7425
843.0,87.67,87.67,V,0.283,OK,17.585
844.0,,47.-7,V,0.444,OK,22.4275
845.0,27.27,27.27,V,0.26,OK,22.4275
846.0,976.7,976.7,V,0.307,OK,18.3985
847.0,9.527,9.527,V,0.272,OK,9.527
848.0,-5.2,-5.2,V,0.234,OK,6.768666666666666
849.0,-7.4,-7.40,V,0.342,OK,4.0103333333333335
850.0,1.252,1.252,V,0.328,OK,4.0103333333333335
851.0,8.02,8.020,V,0.227,OK,4.02
852.0,4.02,4.020,V,0.233,OK,8.02
853.0,9.58,9.580,V,0.28,OK,8.58
854.0,8.58,8.58,V,0.354,OK,9.08
855.0,9.08,9.08,V,0.284,OK,9.08
856.0,20.98,20.98,V,0.385,OK,9.08
857.0,2.3,2.3,V,0.176,LOW_CONFIDENCE,9.688
858.0,9.688,9.688,V,0.43,OK,2.3
859.0,1.24,1.240,V,0.18,LOW_CONFIDENCE,2.02
860.0,2.02,2.02,V,0.331,OK,1.24
861.0,0.06,0.06,V,0.244,OK,1.66
862.0,48.86,48.86,V,0.287,OK,1.66
863.0,3.26,3.26,V,0.071,LOW_CONFIDENCE,3.26
864.0,40.88,40.88,V,0.232,OK,4.6899999999999995
865.0,89.96,89.96,V,0.409,OK,6.12
866.0,48.88,48.88,V,0.355,OK,7.550000000000001
867.0,8.98,08.98,V,0.309,OK,7.550000000000001
868.0,73.98,73.98,V,0.337,OK,4.789000000000001
869.0,0.598,0.598,V,0.336,OK,0.598
870.0,0.229,0.229,V,0.284,OK,0.229
871.0,0.059,0.059,V,0.331,OK,0.229
872.0,5.808,5.808,V,0.273,OK,0.288
873.0,0.288,0.288,V,0.317,OK,1.368
874.0,1.368,1.368,V,0.36,OK,1.368
875.0,26.4,26.4,V,0.406,OK,16.4
876.0,16.4,16.4,V,0.601,OK,16.4
877.0,2.07,2.07,V,0.256,OK,9.0
878.0,9.0,9,V,0.333,OK,7.0
879.0,7.0,7,V,0.264,OK,7.0
880.0,7.0,7,V,0.254,OK,7.0
881.0,76.0,76.,V,0.135,LOW_CONFIDENCE,4.0015
882.0,1.003,1.003,V,0.17,LOW_CONFIDENCE,4.0015
883.0,12.0,12.,V,0.345,OK,4.0
884.0,4.0,4,V,0.431,OK,4.0
885.0,-1.0,-1.,V,0.578,OK,1.443
886.0,-6.1,-6.1,V,0.407,OK,1.443
887.0,3.886,3.886,V,0.319,OK,1.443
888.0,1.426,1.426,V,0.28,OK,1.426
889.0,0.186,0.186,V,0.183,LOW_CONFIDENCE,1.202
890.0,1.202,1.202,V,0.262,OK,1.202
891.0,2.852,2.852,V,0.171,LOW_CONFIDENCE,2.852
892.0,3.288,3.288,V,0.287,OK,3.288
893.0,3.888,3.888,V,0.289,OK,3.888
894.0,1926.0,1926,V,0.365,OK,20.284
895.0,36.68,36.68,V,0.337,OK,20.284
896.0,2.96,2.96,V,0.322,OK,2.96
897.0,1.886,1.886,V,0.349,OK,2.96
898.0,8.86,8.86,V,0.339,OK,1.886
899.0,1.886,1.886,V,0.377,OK,1.886
900.0,1.486,1.486,V,0.259,OK,1.886
901.0,3.088,3.088,V,0.209,OK,2.287
